FIELD NAME,TYPE,UNITS,RANGE,"PRECISION/ACCURACY",REMARKS
Radial Component Type,INT*4,N/A,1,N/A,Radial component type
Description,String,N/A,N/A,N/A,Component Description
Bin Size,REAL*4,Meters,0.0 to 1000.0,N/A,Range extent of each bin
Range to First Bin,REAL*4,Meters,"1000.0 to460000.0",N/A,"Range to the center of thefirst bin"
"Number of ComponentParameters",INT*4,N/A,1 to 1000,N/A,"Number of componentparameters"
"Component ParameterList","Pointer toStructure",N/A,N/A,N/A,See Figure E-2
Number of Radials,INT*4,N/A,0 to 800,N/A,"Number of radials in aradar elevation sweep"
Radial Data,"Pointer toStructure",N/A,N/A,N/A,See Figure E-4
