Free Text Message,75,47,RPG ID Number,N/A,0 to 999,1
Gust Front MIGFA,140,49,Detection count,N/A,0 - 1000,1
Hail Hazard Layers,179,30,"AVSET termination elevation angleOtherwise = 0",Degree,-1.0 to +45.0,".1, Note 1"
Hail Hazard Layers,179,47,Maximum Hail top altitude in volume,kft,0 to 70,1
Hail Hazard Layers,179,48,HSDA status,N/A,0 or 1,1
Hail Hazard Layers,179,51,Compression Method,N/A,0 or 1,1
Hail Hazard,179,52,Uncompressed Product Data Size (MSW),Bytes,120 to 1329150,1
Hail Hazard,179,53,Uncompressed Product Data Size (LSW),,,
Hail Index,59,--,--,--,--,--
"High Resolution EnhancedEcho Tops",135,30,"AVSET termination elevation angleOtherwise = 0",Degree,-1.0 to +45.0,".1, Note 1"
"High Resolution EnhancedEcho Tops",135,47,Maximum echo top height in volume,kft,0 to 70,1
"High Resolution EnhancedEcho Tops",135,48,"Number of artifact edited radials involume",unitless,0 to 10000,1
"High Resolution EnhancedEcho Tops",135,49,Echo Tops reflectivity factor threshold,dBZ,-32 to 95,1
"High Resolution EnhancedEcho Tops",135,50,Number of spurious points removed,unitless,0 to 10000,1
"High Resolution EnhancedEcho Tops",135,51,Compression Method,N/A,0 or 1,1
"High Resolution EnhancedEcho Tops",135,52,Uncompressed Product Data Size (MSW),Bytes,764 - 126870,1
"High Resolution EnhancedEcho Tops",135,53,Uncompressed Product Data Size (LSW),,,1
"High Resolution VerticallyInteg. Liq",134,30,"AVSET termination elevation angleOtherwise = 0",Degree,-1.0 to +45.0,".1, Note 1"
"High Resolution VerticallyInteg. Liq",134,47,Max Digital VIL,unitless,0 to 254,1
"High Resolution VerticallyInteg. Liq",134,48,"Number of artifact edited radials involume",unitless,0 to 10000,1
"High Resolution VerticallyInteg. Liq",134,51,Compression Method,N/A,0 or 1,1
