"",,,,,"scan,  then the Depth ispreceded by a ""<"" or "">"" inthe display, respectively"
"TORNADO VORTEXSIGNATURE RAPIDUPDATE",Feature Type,Alphanumeric,TVS or ETVS,N/A,See Note 1
"",Storm Cell ID,Alphanumeric,"A0 through Z0, then A1through Z1, then  A2,..., Z9,or ?? is displayed if the TVSfeature is not associatedwith a storm cell.",N/A,"The sequence is recycledfollowing Z9Note 1"
"",Feature Status,Alphanumeric,"New (NEW),Extrapolated (EXT),Persistent (PER),Increasing (INC)",N/A,"NEW: Feature is new inthis volume scan;EXT: Feature fromprevious volume scan withextrapolated position;PER: Feature found inboth previous and currentvolume scan;INC:Like PER but withincreasing in either LLDV,feature type, or depth."
"","Feature Position:• Azimuth• Range","Degreenmi","0 to 3600 to 124","11",See Note 1
"",Average Delta Velocity,kts,0 to 494,1,See Note 1
"",Low Level (base) Delta Velocity,kts,0 to 494,1,See Note 1
"",Maximum Delta Velocity,kts,0 to 494,1,See Note 1
"",Base Height,kft,0.0 to 70.0,0.01,"If the Base is on the lowestelevation scan, then it ispreceded by a""<"" in the display.See Note 1"
