FIELDNAME,TYPE,UNITS,RANGE,"PRECISION/ACCURACY",REMARKS
Packet Code,INT*2,N/A,5,N/A,Packet Type 5
Length of Block,INT*2,Bytes,1 to 32767,1,"Number of bytes in block notincluding self or packet code"
I Coordinate Point,INT*2,"Km/4 orPixels","-2048 to+2047",1,"Coordinate where the arrowand/or value is to be centered"
J Coordinate Point,INT*2,"Km/4 orPixels","-2048 to+2047",1,"Coordinate where the arrowand/or value is to be centered"
Direction of Arrow,INT*2,Degrees,0 to 359,1,"Arrow direction in 1-degreesteps: points with wind field"
Arrow Length,INT*2,Pixels,1 to 512,1,Number of pixels in arrow
Arrow Head Length,INT*2,Pixels,1 to 512,1,"Number of pixels in arrowhead"
