PRODUCT NAME,"PRODUCTCODE",VERSION,REMARKS
"Command ParameterMessage",12,2,"Version 1 adds support for MRLE and provides themaximum allowed SAILS and MRLE cuts for eachVCP.    Version 2 adds support for changing theVelocity Measurement Increment (VMI)."
"Command ControlMessage",14,2,"Version 1 adds support for requesting MRLE.Version 2 adds support for changing the VelocityMeasurement Increment  IVMI)."
Composite Reflectivity,"37,38",1,"Version 1 was introduced in Build 9.  The onlychange is to the combined attributes table.  Thelegacy MESO column data was replaced with datafrom the Mesocyclone Detection Algorithm (MDA).The MDA data in the table is the strength rank of theclosest (within 20 km) MDA feature to the SCITstorm cell, or the word ""NONE."""
"Composite ReflectivityEdited for AP","97,98",1,"Version 1 was introduced in Build 9.  The onlychange is to the combined attributes table.  Thelegacy MESO column data was replaced with datafrom the Mesocyclone Detection Algorithm (MDA).The MDA data in the table is the strength rank of theclosest (within 20 km) MDA feature to the SCITstorm cell, or the word ""NONE."""
STI,58,1,
