"",,,,,"expected hail size is lessthan 0.50 inches, the hailsize is labeled ""<0.50"".If the Hail Characteristicscannot be determined, theHail Characteristics arelabeled ""UNKNOWN"".Note 1"
ECHO TOPS,Status,Alphanumeric,No Echoes Detected,N/A,"This status message willbe sent only if the EchoTops Grid is all zeroes."
HAIL INDEX,Storm Cell ID,Alphanumeric,"A0 through Z0, then A1through Z1, then A2...Z9",N/A,"The sequence is recycledfollowing Z9, (See Note 1)"
"","Storm PositionAzimuthRange","DegreesNmi","0 to 3600 to 248","11",Note 1
"","Hail Characteristics:-Probability of Hail (POH)","Alphanumericor Percent",UNKNOWN or 0 to 100,10,"If maximum expected hailsize exceeds 4.0 inches, thehail size is labeled "">4.00""."
"","-Probability of SevereHail (POSH)",Percent,0 to 100,10,"If the Probability of Severehail is greater than 0% andthe maximum expectedhail size is less than 0.50inches, the hail size islabeled ""<0.50""."
"","-Maximum ExpectedHail Size",Inches,0.00 and 0.50 to 4.00,0.25,"If the Hail Characteristicscannot be determined, theHail Characteristics arelabeled ""UNKNOWN""Note 1"
"","Hail Temperature Altitudes(MSL)0 Degree Celsius",Kft,0.0 to 70.0,.1,Note 1
