FIELDNAME,TYPE,UNITS,RANGE,"PRECISION/ACCURACY",REMARKS
Packet Code,INT*2,N/A,"3, 11 to 15, 19,23 to 26",N/A,Packet Type (Note 1)
Length of Block,INT*2,Bytes,1 to 32767,1,"Number of bytes in block not includingself or packet code"
I Position,INT*2,Km/4,-2048 to +2047,1,I starting coordinate
J Position,INT*2,Km/4,-2048 to +2047,1,J starting coordinate
"Radius ofMesocyclone",INT*2,Km/4,-2048 to +2047,1,"A radius of 0 indicates that nomesocyclone is present and I, Jcoordinates are set to 0,0."
Character 1,Char,"8-bitASCII",A to Z,N/A,First character of Storm ID
Character 2,Char,"8-bitASCII",0 to 9,N/A,Second character of Storm ID
"Probability ofHail",INT*2,N/A,"0 to 100,-999",10,Probability in Percent (Note 2)
"Probability ofSevere Hail",INT*2,N/A,"0 to 100,-999",10,Probability in Percent (Note 2)
Max Hail Size,INT*2,Inches,0 to 4,1,Maximum expected hail size
"Display DataPacket",INT*2,N/A,N/A,N/A,"Past or forecast position data for aSingle storm cell. Consists of packetcode 2, (Figure 3-8b), packet code6*(Figure 3-7) or packet code 25(Figure 3-14)"
"Radius of STICircle",INT*2,Pixels,1 to 512,1,Radius of circle
