PRODUCT NAME,CONTENT,UNITS,RANGE,"ACCURACY /PRECISION",REMARKS
VAD WIND PROFILE,Altitude,Kft,1 to 70,1,
"",Volume Scan Start Time,N/A,"Hours:  00 to 23 Minutes:00 to 59",1,
"VELOCITY AZIMUTHDISPLAY",Velocity,Kts,"+/-200, +/-100, +/-80, +/-60,+/-40",1,
"",Azimuth,Degrees,1 to 360,1,
"","Best Fit Function inthe formA1+ VSIN(AZ +)Where:A = HarmonicCoefficient (Fourier #1)V = SQRT[CF22+CF32}with CF2 and CF3 correspondingto Harmonic Coefficient (Fourier#2 & #3) & = - Horizontal WindDirection - 90°","KtsKtsDegrees","-39 to 390 to +2470 to 359","111",
"REFLECTIVITYCROSS SECTION",Azimuth,Degrees,0 to 359,1,
"",Range,nmi,0 to 124,1,
"",Max Reflectivity,dBZ,-32 to 95(-999)*,1,"() *Value Indicates DataNot Available"
