"Digital StormTotal Accum",172,"0.01 inchesX scalingfactor",Note A,Note A,255,"1; 0 =NO_DATA",0
"Digital UserSelectableAccum",173,0.01 inches,Note A,Note A,255,"1; 0 =NO_DATA",0
"Digital One-HourDifferenceAccum",174,0.01 inches,Note A,128.0,255,"1; 0 =NO_DATA ineither the PPSor QPE",0
"Digital StormTotalDifferenceAccum.",175,0.01 inches,Note A,128.0,255,"1; 0 =NO_DATA ineither the PPSor QPE",0
"DigitalInstantaneousPrecipitationRate",176,"Inches/hour",1000.0,0.0,65535,0,0
