"",,,,,2 – MRLE Scan,
Digital Mesocyclone Detection,149,51,Compression Method,N/A,0 or 1,1
Digital Mesocyclone Detection,149,52,Uncompressed Product Data Size (MSW),Bytes,120 to 300000,1
Digital Mesocyclone Detection,149,53,Uncompressed Product Data Size (LSW),,,1
"Super Resolution DigitalReflectivity Data-Quality-Edited Array",193,30,Elevation Angle,Degree,-1.0 to +45.0,.1
"Super Resolution DigitalReflectivity Data-Quality-Edited Array",193,47,Max Reflectivity,dBZ,"-31.5 to +95, (33)","1, Note 6"
"Super Resolution DigitalReflectivity Data-Quality-Edited Array",193,48,"Number of artifact edited radials inelevation",unitless,0 to 10000,1
"Super Resolution DigitalReflectivity Data-Quality-Edited Array",193,49,AVSET Status,unitless,"0, 1, 3",1
"Super Resolution DigitalReflectivity Data-Quality-Edited Array",193,50,Chaff Detection Status,unitless,"0, 1",1
"Super Resolution DigitalReflectivity Data-Quality-Edited Array",193,51,Compression Method,N/A,0 or 1,1
"Super Resolution DigitalReflectivity Data-Quality-Edited Array",193,52,Uncompressed Product Data Size (MSW),Bytes,120 to 1329150,1
"Super Resolution DigitalReflectivity Data-Quality-Edited Array",193,53,Uncompressed Product Data Size (LSW),,,1
"Digital Reflectivity DQA-Edited Data Array",195,30,Elevation Angle,Degree,-1.0 to +45.0,.1
"Digital Reflectivity DQA-Edited Data Array",195,47,Max Reflectivity,dBZ,"-32 to +95, (-33)","1, Note 6"
