"",MSB,HALFWORD,LSB,,
"",9,"MESSAGE HEADERBLOCK(See Figure 3-3)",,,
"",60,"PRODUCTDESCRIPTION BLOCK(See sheets 2-4 of Figure3-6)",,,
"",61,BLOCK DIVIDER (-1),,,
"",62,MAP ID,,,
"",63,DATA FORMAT (=1),,,
"",64,"NUMBER OF DATAPIECES (=1 OR 17)",,,
"",65,"TOTAL BYTE COUNTOF DATA PIECES",MSB,,
"",66,,LSW,,
"",67,"MAP PIECE 1LOCATION",,MAP FILE SECTOR#,
"",68,"BYTE LENGTH OF MAPPIECE 1",,,
"",69,,,,
"",70,"MAP PIECE 2LOCATION",,,
"",71,"BYTE LENGTH OF MAPPIECE 2",(MSW),,
"",72,,(LSW),,
"",,●                         ●,,,
"",115,"MAP PIECE 17LOCATION",,,
"",116,"BYTE LENGTH OF MAPPIECE 17",(MSW),,
"",117,,(LSW),,
"",,ALIGNMENT FILLER,,"ZERO FILL TOHALFWORD128 FROM FIRSTBYTE OFMESSAGE",
"MAPDATA",129,MAP DATA PIECE 1,,,
"",,MAP DATA PIECE 2,,LOW RESOLUTION,
