FIELDNAME,TYPE,UNITS,RANGE,"PRECISION/ACCURACY",REMARKS
Block Divider,INT*2,N/A,-1,N/A,"Integer value of -1 used to delineate theTabular Alphanumeric Block"
Block ID,INT*2,N/A,3,N/A,"Constant value of 3 which identifiesthis block"
Length of Block,INT*4,Bytes,1 to 65535,1,"Length of block in bytes from thedivider to the end of message"
"------------------------------------------ SECOND MESSAGE HEADER BLOCK ----------------------------------------------",,,,,
"--------------------------------------------- SECOND PRODUCT DESCRIPTION BLOCK ----------------------------------------",,,,,
Block Divider,INT*2,N/A,-1,N/A,"Integer value of -1 used to delineate thedata from the Product DescriptionBlock"
"Number ofPages",INT*2,N/A,1 to 48,1,Total number of pages
"Number ofCharacters",INT*2,N/A,0 to 80,1,Number of characters in a line
Character Data,CHAR,"8 BitASCII","ASCIICharacterSet",N/A,"Characters are ASCII when the MSB isset to zero. When the MSB is set to one,the remaining 7 bits define the specialsymbol"
"End of PageFlag",INT*2,N/A,-1,N/A,"Integer value of -1 to delineate the endof page"
