"",-20 Degree Celsius,Kft,0.0 to 70.0,.1,
"","Time of last change to HailTemperature Altitude",N/A,"Hours: 00 to 23Minutes: 00 to 59",N/A,Note 1
"","Date of last change to HailTemperature Altitudes",N/A,"Months: 01 to 12Days: 01 to 31Years: 00 to 99",N/A,Note 1
"STORM TRACKINGINFORMATION",Storm Cell ID,Alphanumeric,"A0 through Z0, then A1through Z1, then A2....Z9",N/A,"The sequence is recycledfollowing Z9.Note 1"
"","Storm Position· Azimuth· Range","Degreesnmi","0 to 3600 to 248","11",Note 1
"","Forecast Movement· Direction· Speed","Alphanumericor DegreesKts","NEW or0 to 3600.0 to 999","10.1","Newly identified stormcells are labeled ""NEW""Note 1"
"","Forecast Error· Error· Mean","nminmi","0.0 to 99.90.0 to 99.9","0.10.1",Note 1
"",Maximum Reflectivity,dBZ,0 to 95,1,Note 1
"",Height of Maximum Reflectivity,Kft,0.0 to 70.0,0.1,Note 1
"",,,,,
"MESOCYCLONEDETECTION",Circulation ID,N/A,0 through 999,N/A,"The sequence is recycledfollowing 999. Note 2"
"",Associated SCIT Storm ID,N/A,"A0 through Z0,then A1 through Z1, thenA2...Z9",N/A,"Closest SCIT identifiedstorm cell ID."
"",Strength Rank,N/A,1 to 25,1,"If the strength rank wascomputed by the Low-Topor Shallow method, an L orS will also be displayed."
"","Low Level (base) RotationalVelocity",Kts,0 to 129,1,
"","Position:AzimuthRange","Degreesnmi","0 to 3600 to 124",1,"Base 2D featurecomponent"
