FIELDNAME,TYPE,UNITS,RANGE,"PRECISION/ACCURACY",REMARKS
Block Divider,INT*2,N/A,-1,N/A,"Integer value of -1 used to delineate theGraphic Alphanumeric Block"
Block ID,INT*2,N/A,2,N/A,"Constant value of 2 which identifiesthis block"
Length of Block,INT*4,Bytes,1 to 65535,1,"Length of block in bytes (includespreceding divider and block id) from thedivider to the end of message"
"Number ofPages",INT*2,N/A,1 to 48,1,Total number of pages
Page Number,INT*2,N/A,1 to 48,1,Current page number
