Storm Mean Radial Vel.,56,30,Elevation Angle,Degree,-1.0 to +45.0,".1, Note 1"
Storm Mean Radial Vel.,56,47,Max Neg. Velocity,Knots,-247 to 0,"1, Note 5"
Storm Mean Radial Vel.,56,48,Max Pos. Velocity,Knots,0 to +245,"1, Note 5"
Storm Mean Radial Vel.,56,49,Motion Source Flag,N/A,-1 = Algorithm,1
Storm Mean Radial Vel.,56,51,Avg Speed of Storms,Knots,0.0 to 99.9,".1,  Note 1"
Storm Mean Radial Vel.,56,52,Avg Dir. of Storms,Degree,0.0 to 359.9,".1,  Note 1"
Storm Structure,62,--,--,--,,
Storm Total Rainfall Accum.,80,47,Max Rainfall,Inches,0.0 to 327.6,".1,  Note 1"
Storm Total Rainfall Accum.,80,48,Beg. Date Rainfall,Julian Date,1 to 32767,1
Storm Total Rainfall Accum.,80,49,Beg. Time Rainfall,Minutes,0 to 1439,1
Storm Total Rainfall Accum.,80,50,End Date Rainfall,Julian date,1 to 32767,1
Storm Total Rainfall Accum.,80,51,End Time Rainfall,Minutes,0 to 1439,1
Storm Total Rainfall Accum.,80,52,Mean-field Bias,N/A,0.01 to 99.99,".01,  Note 1"
Storm Total Rainfall Accum.,80,53,Effective No. G-R Pairs (Sample Size),N/A,0.00 to 99.99,".01,  Note 1"
