"User Selectable LayerComposite ReflectivityMaximum",137,49,"Actual top Altitude of Layer (adjusted tocorrect request errors).",K Feet,1 to 70,1
User Selectable  Precip.,31,27,End Hour,Hours,0 to 23,1
User Selectable  Precip.,31,28,Time Span,Hours,1 to 24,1
User Selectable  Precip.,31,30,Null Product Flag,N/A,0 to 1,"1, Note 9"
User Selectable  Precip.,31,47,Max Rainfall,Inches,0.0 to 327.6,".1, Note 1"
User Selectable  Precip.,31,48,Beg. Date Rainfall,Julian Date,1 to 32767,1
User Selectable  Precip.,31,49,Beg. Time Rainfall,Minutes,0 to 1439,1
User Selectable  Precip.,31,50,End Date Rainfall,Julian Date,1 to 32767,1
User Selectable  Precip.,31,51,End Time Rainfall,Minutes,0 to 1439,1
User Selectable  Precip.,31,52,Average Mean-field Bias,N/A,0.01 to 99.99,".01, Note 1"
User Selectable  Precip.,31,53,"Average Effective No. G-R Pairs (SampleSize)",N/A,0.00 to 99.99,".01, Note 1"
User Selectable Snow Depth,151,27,End Hour,Hours,0 to 23,1
User Selectable Snow Depth,151,28,Time Span,Hours,1 to 30,1
User Selectable Snow Depth,151,30,"Use High Scale Flag/Use RCA Flag",N/A,"0, 1, 256, or 257",1 Note 16
User Selectable Snow Depth,151,47,Maximum Value,Inches,"0.00 to 327.67 or 0.0 to3276.7","0.01 or 0.1,Note 1 andNote 16"
User Selectable Snow Depth,151,48,Starting Date,Julian Date,1 to 32767,1
User Selectable Snow Depth,151,49,Starting Hour,Minutes,0 to 1439,"1, Note 22"
User Selectable Snow Depth,151,50,Ending Date,Julian Date,1 to 32767,1
User Selectable Snow Depth,151,51,Ending Hour,Minutes,0 to 1439,"1, Note 22"
User Selectable Snow Depth,151,52,Azimuth of Max.,Degrees,0 to 359,1
User Selectable Snow Depth,151,53,Range to Max.,Nmi,0 to 124,1
"User Selectable Snow WaterEquivalent",150,27,End Hour,Hours,0 to 23,1
"User Selectable Snow WaterEquivalent",150,28,Time Span,Hours,1 to 30,1
"User Selectable Snow WaterEquivalent",150,30,Use High Scale Flag/ Use RCA Flag,N/A,"0, 1, 256, or 257","1Note 16"
"User Selectable Snow WaterEquivalent",150,47,Maximum Value,Inches,"0.000 to 32.767 or 0.00 to327.67","0.001 or0.01, Note 1"
