"","· Probability of SevereHail (POSH)· Maximum ExpectedHail Size","PercentInches","0 to 1000.00 and 0.50 to4.00",,"If the Probability of Hail and theProbability of Severe Hail are greaterthan 0% and the maximum expectedhail size is less than 0.50 inches, thehail is labeled ""<50.0"".If the Hail Characteristics cannot bedetermined, the Hail Characteristicsare labeled ""UNKNOWN"".Note 1"
"",Site Adaptable Parameters,See Remarks,See Remarks,See Remarks,"2820003, Pt1, Table A-8 Hail"
"SURFACE RAINFALLACCUMULATION -ONE HOUR",Mean-field Bias Estimate,N/A,0.01 to 99.99,0.01,
"","Effective No. G-R Pairs(Sample Size)",N/A,0.00 to 9999.99,0.01,
"","Memory Span used in BiasEstimate",Hours,0.001 to 10**7,0.001,
"",Most Recent Bias Source,N/A,N/A,N/A,"AWIPS Site ID of location providingbias (WFO or RFC)"
"",Site Adaptable Parameters,See Remarks,See Remarks,See Remarks,"TBDInformation is only provided if theproduct is not labeled 'BAD SCAN'."
"SURFACE RAINFALLACCUMULATION -THREE HOUR","The following information isprovided for up to threehourly intervals is:",,,,
"",Interval Ending Date,N/A,"Months: 1 to 12Days: 1 to 31Years: 00 to 99",N/A,
"",Interval Ending Time,N/A,"Hours: 0 to 23Minutes: 0 to 59",N/A,
"",Adjusted,N/A,Y/N,N/A,
"",Mean-field Bias Estimates,N/A,0.01 to 99.99,0.01,Note 2
