"Total BitsTransferred in 300Second Scan",3966976,-,
"Bandwidth Requiredin Bits per second(bps)",13223.25,-,
Total Bytes Transferred per 5 Minute Scan,480104,,
Total Bits Transferred in 300 Second Scan,3840832,,
Bandwidth Required in Bits per second (bps),12802.77,,
"Note 1:  Assumption is VCP 11, which uses a 5 minute (300 sec) scan strategy.  This examplecalculation would be typical of estimating bandwidth for a Class 1 user.  The Class 1 user has adedicated connection and should send a Routine Product Set (RPS) list request dependent uponVCP or precipitation detection.  This example does not account for the initial connection dataexchanges, e.g. Product codes 6, 7, and 8 or Class 1 (e.g. PUP) status exchanges.  Nor does theexample include overhead attributed to protocol acknowledgements.",,,
"Note 2:  If product size is < 10240 bytes, then data packet overhead is calculated as follows:Let P = Product Size, X.25/LAPB/Flag Overhead = 8 bytes[dividend of  (P ÷ 128) + 1]  x 8 bytesIf product size is > 10240 bytes or multiple of 10240 bytes, then data packet overhead iscalculated:80 x [dividend of (P ÷ 10240)]  x  [((Remainder of (P ÷10240))  ÷  128) + 1] x 8 bytes",,,
"Note 3:  If product size is < 10240 bytes, then data packet overhead is calculated as follows:Let P = Product Size, X.25/LAPB/Flag Overhead = 8 bytes[dividend of  (P ÷ 512) + 1]  x 8 bytesIf product size is > 10240 bytes or multiple of 10240 bytes, then data packet overhead iscalculated:40 x [dividend of (P ÷ 10240)]  x  [((Remainder of (P ÷ 10240))  ÷  512) + 1] x 8 bytes",,,
