"",,,,,,"and Note16"
"User Selectable Snow WaterEquivalent",150,48,Starting Date,Julian Date,1 to 32767,1
"User Selectable Snow WaterEquivalent",150,49,Starting Hour,Minutes,0 to 1439,"1, Note 22"
"User Selectable Snow WaterEquivalent",150,50,Ending Date,Julian Date,1 to 32767,1
"User Selectable Snow WaterEquivalent",150,51,Ending Hour,Minutes,0 to 1439,"1, Note 22"
"User Selectable Snow WaterEquivalent",150,52,Azimuth of Max.,Degrees,0 to 359,1
"User Selectable Snow WaterEquivalent",150,53,Range to Max.,Nmi,0 to 124,1
