FIELDNAME,TYPE,UNITS,RANGE,"PRECISION/ACCURACY",REMARKS
Packet Code,INT*2,N/A,16,N/A,Packet Type 16
"Index of First RangeBin",INT*2,N/A,0 to 230,1,Location of first range bin
Number of Range Bins,INT*2,N/A,0 to 1840,1,"Number of range binscomprising a radial"
I Center of Sweep,INT*2,Km/4,"-2048 to+2047",1,I coordinate of center of sweep
J Center of Sweep,INT*2,Km/4,"-2048 to+2047",1,J coordinate of center of sweep
Range Scale Factor,"ScaledInteger",N/A,".001 to1.000",.001,"Cosine of elevation angle forelevation based products.  Forvolume based products thevalue 1.00."
Number of Radials,INT*2,N/A,1 to 720,1,"Total number of radials inproduct (Note 1)"
"Number of Bytes inRadial",INT*2,N/A,1 to 1840,1,"Number of bytes of  8-bit datalevel values per radial"
Radial Start Angle,"ScaledInteger",Degrees,"0.0 to359.9",.1,"Starting angle at which radialdata was collected; Scan isalways clockwise"
Radial Delta Angle,"ScaledInteger",Degrees,0.0 to 2.0,.1,"Delta angle from previousradial"
Level (0),1 Byte,N/A,0 to 255,1,"8-bit data level code. (See Note1 of Figure 3-6)"
