"","Height of MaximumRotational Velocity (ARL)",Kft,0 to 33,1,
"",TVS,N/A,Y or N,N/A,"Y if a TVS is detected within 2 km ofPosition"
"",Motion,deg/kts,"0 to 360 deg0 to 99 kts","1 deg1 kt","Motion of this MDA detection orblanks if detection not tracked."
"",Mesocyclone Strength Index,N/A,0 to 99999,1,See MDA AEL.
"TORNADO VORTEXSIGNATURE RAPIDUPDATE (TRU)",Radar ID,N/A,0 to 999,1,
"",Volume Scan Start Date,N/A,"Months: 1 to 12Days: 1 to 31Years: 0 to 99",N/A,
"",Volume Scan Start Time,N/A,"Hours: 0 to 23Minutes: 0 to 59Seconds: 0 to 59",N/A,
"",Number of TVSs,N/A,0 to 25,1,"If the TRU identifies more than the(adaptable) maximum number ofTVSs, then the number will bepreceded by a "">"""
"",Number of ETVSs,N/A,0 to 25,1,"If the TRU identifies more than the(adaptable) maximum number ofETVSs, then the number will bepreceded by a "">"""
"",Elevation,degree,-1.0 to 45.0,0.1,
"",Feature Status,Alphanumeric,"New (NEW),Extrapolated (EXT),Persistent (PER),Increasing (INC)",N/A,"NEW: Feature is new in this volumescan;EXT: Feature from previous volumescan with extrapolated position;PER: Feature found in both previousand current volume scan;INC:Like PER but with increasing ineither LLDV, feature type, or depth."
"",Feature Type,Alphanumeric,TVS or ETVS,N/A,See Note 3
