"",,,,,"0 – Non SupplementalScan1 – SAILS Scan2 – MRLE Scan",
Base Velocity Data Array,99,51,Compression Method,N/A,0 or 1,1
Base Velocity Data Array,99,52,Uncompressed Product Data Size (MSW),Bytes,120 to 372000,1
Base Velocity Data Array,99,53,Uncompressed Product Data Size (LSW),,,1
"Clutter LikelihoodReflectivity",132,30,Elevation Angle,Degree,-1.0 to +45.0,1
"Clutter LikelihoodReflectivity",132,50,Delta Time / Supplemental Scan,"Seconds /N/A","Bits 5-15: (0-800)Bits 0-4:0 – Non SupplementalScan1 – SAILS Scan2 – MRLE Scan","1, Note 24"
Clutter Likelihood Doppler,133,30,Elevation Angle,Degree,-1.0 to +45.0,1
Clutter Likelihood Doppler,133,50,Delta Time / Supplemental Scan,"Seconds /N/A","Bits 5-15: (0-800)Bits 0-4:0 – Non SupplementalScan1 – SAILS Scan2 – MRLE Scan","1, Note 24"
Power Removed Control,113,27,RPG Cut Number,N/A,1 to 27,1
Power Removed Control,113,28,CMD Generated Flag,N/A,0 or 1,1
Power Removed Control,113,30,Elevation Angle,Degree,-1.0 to +45.0,".1, Note 1"
Power Removed Control,113,47,Clutter Filter Map Time,Minutes,0 to 1439,1
Power Removed Control,113,48,Clutter Filter Map Date,Julian Date,1 to 32767,1
Power Removed Control,113,51,Compression Method,N/A,0 or 1,1
Power Removed Control,113,52,Uncompressed Product Data Size (MSW),Bytes,120 to 500000,1
Power Removed Control,113,53,Uncompressed Product Data Size (LSW),,,1
Composite Reflectivity,37 - 38,30,"AVSET termination elevation angleOtherwise = 0",Degree,-1.0 to +45.0,".1,  Note1"
Composite Reflectivity,37 - 38,47,Max Reflectivity,dBZ,"-32 to +95, (-33)","1,  Note 6"
Composite Reflectivity,37 - 38,51,Cal. Constant (MSB),,,
