"",End Missing Period Time,N/A,"Hours: 0 to 23Minutes: 0 to 59",N/A,
"",Volume Coverage Pattern,N/A,1 to 1000,,
"","Operational (Weather)Mode",N/A,"A, B or M",N/A,
"","Average Scan Date (LastBias Update)",N/A,"Months: 1 to 12Days: 1 to 31Years: 0 to 99",N/A,
"","Average Scan Time (LastBias Update)",N/A,"Hours: 0 to 23Minutes: 0 to 59",N/A,
"","Memory Span, perevaluation timespan",Hours,0.001 to 10**7,.001,
"","Effective # Gage-RadarPairs, per evaluationtimespan",N/A,0.000 to 9999.999,.001,
"","Average Gage Value, perevaluation timespan",mm,0.000 to 99.999,.001,
"","Average Radar Value, perevaluation timespan",mm,0.000 to 99.999,.001,
"","Mean-field Bias Estimate,per evaluation timespan",N/A,0.001 to 99.999,.001,
