Specific Differential Phase,163,53,Size of uncompressed product (LSW),Bytes,,1 byte
Hydrometeor Classification,165,30,Elevation Angle,Degree,-1.0 to +45.0,".1, Note 1"
Hydrometeor Classification,165,50,Delta Time / Supplemental Scan,"Seconds /N/A","Bits 5-15: (0-800)Bits 0-4:0 – Non SupplementalScan1 – SAILS Scan2 – MRLE Scan","1, Note 24"
Hydrometer Classification,165,51,Compression Method,N/A,0 or 1,"N/A, Note23"
Hydrometeor Classification,165,52,Size of uncompressed product (MSW),Bytes,120 to 500000,1 byte
Hydrometeor Classification,165,53,Size of uncompressed product (LSW),Bytes,,1 byte
Melting Layer,166,30,Elevation Angle,Degree,-1.0 to +45.0,".1, Note 1"
Melting Layer,166,47,Minimum Melting Layer Height,kft,1 to 70,1
Melting Layer,166,48,Maximum Melting Layer Height,kft,1 to 70,1
Melting Layer,166,50,Delta Time / Supplemental Scan,"Seconds /N/A","Bits 5-15: (0-800)Bits 0-4:0 – Non SupplementalScan1 – SAILS Scan2 – MRLE Scan","1, Note 24"
"Super Res Digital CorrelationCoefficient",167,30,Elevation Angle,Degrees,-1.0 to + 45.0,"-1.0 to +45.0"
"Super Res Digital CorrelationCoefficient",167,47,Min Correlation Coefficient,N/A,0.2 to 1.05,00333
"Super Res Digital CorrelationCoefficient",167,48,Max Correlation Coefficient,N/A,0.2 to 1.05,00333
"Super Res Digital CorrelationCoefficient",167,50,Delta Time / Supplemental Scan,"Seconds /N/A","Bits 5-15: (0-800)Bits 0-4:0 – Non SupplementalScan1 – SAILS Scan2 – MRLE Scan","1, Note 24"
"Super Res Digital CorrelationCoefficient",167,51,Compression Method,N/A,0 or 1,N/A
