"",,Year,"Days: 1 to 31Years: 00 to 99",,
"",Starting Time,"Hours andMinutes UTC","Hours: 0 to 23Minutes 0 to 59",N/A,
"",Ending Date,"Month/Day/Year","Months: 1 to 12Days: 1 to 31Years: 00 to 99",N/A,
"",Ending Time,"Hours andMinutes UTC","Hours: 0 to 23Minutes 0 to 59",N/A,
"","Maximum SnowAccumulation",Inches,0 to 10**7,"0.01 for SnowWaterEquivalentand 0.1 forSnow Depth",
"",Azimuth of Maximum Value,Degrees,0 to 359,1,
"",Range to Maximum Value,Nmi,0 to 124,1,
"","Range/height CorrectionApplied",N/A,"“Static” or “UsedRCA”",,
"",Missing Time,Minutes,0 to 32767,1,
"","Site Adaptable Parametersand ConfigurationParameters",N/A,N/A,N/A,Page 2
"User Selectable SnowWater Equivalent andUser Selectable SnowDepth",RPG Name,N/A,N/A,N/A,
"",Date,"Month/Day/Year","Months: 1 to 12Days: 1 to 31Years: 00 to 99",N/A,
"",Time,"Hours andMinutes UTC","Hours: 0 to 23Minutes 0 to 59",N/A,
"",Starting Date,"Month/Day/Year","Months: 1 to 12Days: 1 to 31Years: 00 to 99",N/A,
