"113, 132-141142","Products (See Table III for Individual Product Codes)Reserved for future Product",
143-151,Products (See Table III for Individual Product Codes),
152,Archive III Status Product,
153-155,Super Resolution,
156-157,Spare,
158-179,"Dual Polarization Products (See Table III for IndividualProduct Codes) Codes 158, 160, 162 and 164 are reservedfor future Dual Pol Base, and QPE products, respectively.",
180-192,Reserved for future Products,
193,Super Resolution Digital Reflectivity Data-Quality-Edited,
194,Reserved for future Products,
196,Microburst AMDA,
197,Rain Rate Classification,
198-201,Reserved for future Products,
202,Shift Change Checklist,
203-299,Reserved for future Products,
Negative,"Annotations have a negative message code equal inmagnitude to that of the Product being annotated",
