"HALFWORD",FIELDNAME,TYPE,UNITS,RANGE,"PRECISION/ACCURACY",REMARKS
10,Block Divider,INT*2,N/A,-1,N/A,"Integer -1, block divider"
11,"Length ofBlock",INT*2,Bytes,4 to 8408,1,"Number of bytes in block from -1divider to end of the block."
12,"Number ofProducts",INT*2,N/A,0 to 600,1,Number of Products on list
13,Reserved,-,-,-,-,Reserved for dial-up users
14,Product Code,INT*2,N/A,16 to 299,1,"Internal NEXRAD product code fromTable III"
15,Elevation,"ScaledInteger",Degrees,-1.0 to +45.0,.1,Elevation of product
16,Parameter 1,-,-,-,-,Product dependent (Refer to Table X)
17,Parameter 2,-,-,-,-,Product dependent (Refer to Table X)
18,Parameter 3,-,-,-,-,Product dependent (Refer to Table X)
19,Parameter 4,-,-,-,-,Product dependent (Refer to Table X)
20,"DistributionClass",INT*2,N/A,0 to 20,1,"Distribution class for individualproducts:0 = Available for one-timeproduct request1 = Repeat every volume scan2 = Repeat every other volume scan99"
