FIELD NAME,TYPE,UNITS,RANGE,"PRECISION/ACCURACY",REMARKS
Grid Component Type,INT*4,N/A,2,N/A,Grid component type
Number of Dimensions,INT*4,N/A,1 to 4,N/A,Number of grid dimensions
Dimensions,"Pointer toINT*4",N/A,N/A,N/A,"Grid dimensions, orderedfrom fastest changing toslowest."
Grid Type,INT*4,N/A,1 to 4,N/A,"1=Array,2=Equally spaced,3=Lat/Lon,4=Polar"
"Number of ComponentParameters",INT*4,N/A,1 to 1000,N/A,"Number of componentparameters"
"Component ParameterList","Pointer toStructure",N/A,N/A,N/A,See Figure E-2.  See Note 1.
Grid Data,Structure,N/A,N/A,N/A,See Figure E-11.
