35,Maximum SAILS,Code*2,N/A,0-3,N/A,"Maximum number of SAILScuts that can be requested"
36,"Max SAILS Cuts forVCP 1",Code*2,N/A,0-3,N/A,"Maximum number of SAILScuts that can be requested forVCP 1"
"",,,,,,
55,"Max SAILS Cuts forVCP m",Code*2,N/A,0-3,N/A,"Maximum number of SAILScuts that can be requested forVCP m."
56,Max MRLE Cuts,Code*2,N/A,0-4,N/A,"Maximum number of MRLEcuts that can be requested."
57,"Maximum MRLE cutsfor VCP 1",Code*2,N/A,0-4,N/A,"Maximum number of MRLEcuts that can be requested forVCP 1."
"...",,,,,,
76,"Maximum MLRE cutsfor VCP m",Code*2,N/A,0-4,N/A,"Maximum number of MRLEcuts that can be requested forVCP m."
77,"Velocity MeasurementIncrement (VMI) HIGHResolution value",Code*2,N/A,2,N/A,Value to request HIGH VMI
78,"Velocity MeasurementIncrement (VMI) LOWResolution value",Code*2,N/A,4,N/A,Value to request LOW VMI
