"",Storm Cell ID,Alphanumeric,"A0 through Z0, thenA1 through Z1, thenA2....Z9, or ??",N/A,"The sequence is recycled following Z9.""??"" is displayed if the TVS or ETVSis not associated with a storm cell"
"","Position: Azimuth Range","DegreesNmi","0 to 3590 to 124","11",See Note 3
"",Average Delta Velocity,kts,0 to 494,1,See Note 3
"","Low-level (base) DeltaVelocity",kts,0 to 494,1,See Note 3
"",Maximum Delta Velocity,kts,0 to 494,1,See Note 3
"","Height of the Maximum DeltaVelocity",kft,0.0 to 70.0,0.1,See Note 3
"",Depth,kft,0.0 to 70.0,0.1,"If the base or top is on the lowest orhighest elevation scan, respectivelythen the Depth is preceded by a "">"" inthe display.See Note 3"
"",Base Height,kft,0 to 70,1,"If the base is on the lowest elevationscan, then it is preceded by a ""<"" inthe display.See Note 3"
"",Top Height,kft,0.0 to 70.0,.1,See Note 3
"",Maximum Shear,"m/s/km (or E-3/sec)",0 to 999,1,See Note 3
"","Height of the MaximumShear",kft,0.0 to 70.0,0.1,See Note 3
"One-hour Snow WaterEquivalent and One-hour Snow Depth",RPG Name,N/A,N/A,N/A,
"",Date,"Month/Day/Year","Months: 1 to 12Days: 1 to 31Years: 00 to 99",N/A,
