"One-hour Snow WaterEquivalent",144,49,Starting Time,Minutes,0 to 1439,1
"One-hour Snow WaterEquivalent",144,50,Ending Date,Julian Date,1 to 32767,1
"One-hour Snow WaterEquivalent",144,51,Ending Time,Minutes,0 to 1439,1
"One-hour Snow WaterEquivalent",144,52,Azimuth of Max.,Degrees,0 to 359,1
"One-hour Snow WaterEquivalent",144,53,Range to Max.,Nmi,0 to 124,1
One-hour Snow Depth,145,27,Length of Missing Periods,Minutes,0 to 32767,1
One-hour Snow Depth,145,30,Use RCA Flag,N/A,0 or 1,1
One-hour Snow Depth,145,47,Maximum Value,Inches,0.01 to 327.67,"0.01, Note 1"
One-hour Snow Depth,145,48,Starting Date,Julian Date,1 to 32767,1
One-hour Snow Depth,145,49,Starting Time,Minutes,0 to 1439,1
One-hour Snow Depth,145,50,Ending Date,Julian Date,1 to 32767,1
One-hour Snow Depth,145,51,Ending Time,Minutes,0 to 1439,1
One-hour Snow Depth,145,52,Azimuth of Max,Degrees,0 to 359,1
One-hour Snow Depth,145,53,Range to Max.,Nmi,0 to 124,1
