"",,,,,,
11,Length of Block,INT*2,Bytes,178,1,Number of bytes to follow
"",,,,,,
12,"Mode ofOperation",INT*2,N/A,0 to 2,N/A,"Where:1 = Clear Air Mode2 = Precipitation/SevereWeather Mode"
"",,,,,,
13,"RDA OperabilityStatus",Integer,N/A,"0,1/Bit",Bit 15=LSB,Where:
"",,,,,Bit 15,Spare
"",,,,,Bit 14=1,Online
"",,,,,Bit 13=1,Maintenance Action Required
"",,,,,Bit 12=1,"Maintenance ActionMandatory"
"",,,,,Bit 11=1,Commanded Shutdown
"",,,,,Bit 10=1,Inoperable
"",,,,,Bit 9,Spare
"",,,,,Bit 8=1,Wideband Disconnect
"",,,,,Bits 7-0,Spare
"",,,,,"Bits 15-10,8=0","Indeterminate: if all bits arezero, then the RPGdetermines the status"
"",,,,,,
14,"Volume CoveragePattern",INT*2,N/A,1 to 767,1,"RDA Volume Coverage Patternfor the scan strategy being used"
"",,,,,,
15,"Number ofElevation Cuts",INT*2,N/A,1 to 25,1,Maximum elevation cuts = 25
"",,,,,,
"16...",Elevation 1,"ScaledInteger",Degrees,"-1.0 to+45.0",.1,Elevation angle elevation 1
"",,,,,,
35,Elevation 20,"ScaledInteger",Degrees,-1.0 +45.0,.1,Elevation angle for elevation 20.
"",,,,,,
36,RDA Status,Integer,N/A,"0,1/Bit",Bit 15=LSB,Where:
"",,,,,Bit 15,Spare
"",,,,,Bit 14=1,Startup
"",,,,,Bit 13=1,Standby
"",,,,,Bit 12=1,Restart
"",,,,,Bit 11=1,Operate
"",,,,,Bit 10=1,Spare
"",,,,,Bit 9-0,Spares
