FIELDNAME,TYPE,UNITS,RANGE,"PRECISION/ACCURACY",REMARKS
Packet Code,INT*2,N/A,22,N/A,Packet Type 22
Length of Block,INT*2,Bytes,4 to 22,1,Number of bytes to follow in this packet
"# Volumes",INT*2,N/A,1 to 10,1,"Number of cell trend volume scan times inthe circular list"
Latest Vol PTR,INT*2,N/A,1 to 10,1,"pointer to the latest cell trend volume scantime in the circular list"
Vol Time 1,INT*2,Minutes,0 to 1439,1,"Circular list of cell trend volume scan timesin minutes after midnight (seconds aretruncated)"
"",,,,,
"",,,,,
Vol Time N,,,,,
