FIELDNAME,TYPE,UNITS,RANGE,"PRECISION/ACCURACY",REMARKS
Packet Code,INT*2,N/A,8,N/A,Packet Type 8
Length of Block,INT*2,Bytes,1 to 32767,1,"Number of bytes inblock not including selfor packet code"
"Value (Level) ofText",INT*2,N/A,0 to 15,1,Color Level of text
I Starting Point,INT*2,Km/4 or Pixels,-2048 to +2047,1,"I coordinate for textstarting point"
J Starting Point,INT*2,Km/4 or Pixels,-2048 to +2047,1,"J coordinate for textstarting point"
Character 1 to N,Char,"8 bitASCII","ASCIICharacter Set",N/A,Characters are ASCII
