CODE,NTR,PRODUCT NAME,RESOLUTION,RANGE,"DATALEVEL",MESSAGE FORMAT
16,,Spare,,,,
17,,Spare,,,,
18,,Spare,,,,
21,,Spare,,,,
22,,Spare,,,,
23,,Spare,,,,
24,,Spare,,,,
25,,Spare,,,,
26,,Spare,,,,
28,,Spare,,,,
29,,Spare,,,,
30,3,Base Spectrum Width,.54 x 1       Nmi x Deg,124,8,Radial Image
31,32,"User Selectable Storm TotalPrecipitation",1.1 x 1       Nmi x Deg,124,16,Radial Image/Geographic Alpha
32,33,Digital Hybrid Scan Reflectivity,.54 x 1       Nmi x Deg,124,256,Radial Image
33,,Spare,,,,
34,,Spare,,,,
35,,Spare,,,,
36,,Spare,,,,
37,6,Composite Reflectivity,.54 x .54     Nmi x Nmi,124,16,Raster Image/Non-geographic Alpha
38,6,Composite Reflectivity,2.2 x 2.2     Nmi x Nmi,248,16,Raster Image/Non-geographic Alpha
39,,Spare,,,,
40,,Spare,,,,
41,8,Echo Tops,2.2 x 2.2   Nmi x Nmi,124,16,Raster Image
42,,Spare,,,,
43,,Spare,,,,
44,,Spare,,,,
45,,Spare,,,,
46,,Spare,,,,
47,,Spare,,,,
