PRODUCT NAME,"MSGCODE",HWORD#,CONTENT,UNITS,RANGE,"ACCUR/PREC"
Archive III Status Product,152,51,Compression Method,N/A,0 or 1,1
Archive III Status Product,152,52,Uncompressed Product Data Size (MSW),Bytes,120 to 500000,1
Archive III Status Product,152,53,Uncompressed Product Data Size (LSW),,,1
Shift Change Checklist,202,51,Compression Method,N/A,0 or 1,1
Shift Change Checklist,202,52,Uncompressed Product Data Size (MSW),Bytes,120 to 500000,1
Shift Change Checklist,202,53,Uncompressed Product Data Size (LSW),,,1
Base Reflectivity Data Array,94,30,Elevation Angle,Degree,-1.0 to +45.0,.1
Base Reflectivity Data Array,94,47,Max Reflectivity,dBZ,"-32 to +95, (-33)","1, Note 6"
Base Reflectivity Data Array,94,50,Delta Time / Supplemental Scan,"Seconds /N/A","Bits 5-15 (0-800)Bits 0-4:0 – Non SupplementalScan1 – SAILS Scan2 – MRLE Scan","1, Note 24"
Base Reflectivity Data Array,94,51,Compression Method,N/A,0 or 1,1
Base Reflectivity Data Array,94,52,Uncompressed Product Data Size (MSW),Bytes,120 to 188000,1
Base Reflectivity Data Array,94,53,Uncompressed Product Data Size (LSW),,,1
Base Spectrum Width,30,30,Elevation Angle,Degree,-1.0 to +45.0,".1, Note 1"
Base Spectrum Width,30,47,Max Spectrum Width,Knots,0 to 19,1
Base Spectrum Width,30,50,Delta Time / Supplemental Scan,"Seconds /N/A","Bits 5-15: (0-800)Bits 0-4:0 – Non SupplementalScan1 – SAILS Scan2 – MRLE Scan","1, Note 24"
Base Velocity Data Array,99,30,Elevation Angle,Degree,-1.0 to +45.0,".1, Note 1"
Base Velocity Data Array,99,47,Max Neg. Velocity,Knots,-247 to 0,1
Base Velocity Data Array,99,48,Max Pos. Velocity,Knots,0 to 245,1
Base Velocity Data Array,99,50,Delta Time / Supplemental Scan,"Seconds /N/A","Bits 5-15: (0-800)Bits 0-4:","1, Note 24"
