"",,,,,,"to first piece of data onthe disk"
68-69,"Byte Length ofMap Piece 1",INT*4,Bytes,1 to 81920,1,"The length of piece 1 inbytes"
70-117,Note 1,Note 1,Note 1,Note 1,Note 1,"Comparable to halfwords67-69 for map piece 2 to17; only when the highresolution map isincluded"
118-127,Alignment Filler,INT*2,N/A,0,N/A,"Zero filled to halfword128 from first byte of themessage"
129,Map Data Piece 1,Note 1,Note 1,Note 1,Note 1,"Low resolution - containpackets shown in Sheet 1of this figure"
"",Map Data Piece 2,Note 1,Note 1,Note 1,Note 1,"High resolution ifincluded, contains packetshown in Sheet 1 of thisfigure"
"",,,,,,
"",,,,,,
"",,,,,,
"",Map Data Piece 17,,,,,
