Composite Reflectivity,37 - 38,52,Cal Constant  (LSB),dB (Real*4),"-50.0 to +50.0, Note 14-198.0 to +198.0, Note 15","N/A, Note 2"
"Composite Reflectivity Editedfor AP",97-98,30,"AVSET termination elevation angleOtherwise = 0",Degree,-1.0 to +45.0,".1, Note 1"
"Composite Reflectivity Editedfor AP",97 - 98,47,Max Reflectivity,dBZ,"-32 to 95, (-33)","1, Note 6"
"Composite Reflectivity Editedfor AP",97 - 98,51,Cal Constant (MSB),,,
"Composite Reflectivity Editedfor AP",97 - 98,52,Cal Constant  (LSB),dB (Real*4),"-50.0 to +50.0, Note 14-198.0 to +198.0, Note 15","N/A,Note2"
Cross Section (Vel),51,47,Azimuth point one,Degree,0.0 to 359.9,".1, Note 1"
Cross Section (Vel),51,48,Range point one,Nmi,0.0 to 124.0,".1,  Note 1"
Cross Section (Vel),51,49,Azimuth point two,Degree,"0,0 to 359.9",".1,  Note 1"
Cross Section (Vel),51,50,Range point two,Nmi,0.0 to 124.0,".1, Note 1"
Cross Section (Reflect),50,47,Azimuth point one,Degree,0.0 to 359.9,".1, Note 1"
Cross Section (Reflect),50,48,Range point one,Nmi,0.0 to 124.0,".1, Note 1"
Cross Section (Reflect),50,49,Azimuth point two,Degree,0.0 TO 359.9,".1, Note 1"
Cross Section (Reflect),50,50,Range point two,Nmi,0.0 to 124.0,".1, Note 1"
Cross Section (Reflect),50,51,Cal. Constant (MSB),,,
Cross Section (Reflect),50,52,"""       ""        (LSB)",dB (Real*4),"-50.0 to +50.0, Note 14-198.0 to +198.0, Note 15","N/A, Note 2"
Digital Hybrid Scan Reflect,32,47,Max Reflectivity,dBZ,"-32 to +95, (-33)","1, Note 6"
Digital Hybrid Scan Reflect,32,48,Date of Scan,Julian Date,1 to 32767,1
Digital Hybrid Scan Reflect,32,49,Avg. Time of Hybrid Scan,Minutes,0 to 1439,1
Digital Hybrid Scan Reflect,32,51,Compression Method,N/A,0 or 1,1
Digital Hybrid Scan Reflect,32,52,Uncompressed Product Data Size (MSW),Bytes,120 to 86000,1
Digital Hybrid Scan Reflect,32,53,Uncompressed Product Data Size (LSW),,,1
Digital Mesocyclone Detection,149,27,"Adaptation Data setting for MinimumReflectivity Threshold",dBZ,-25 to 35,1
Digital Mesocyclone Detection,149,30,Elevation Angle,Degree,-1.0 to + 45.0,.1
Digital Mesocyclone Detection,149,50,Delta Time / Supplemental Scan,"Seconds /N/A","Bits 5-15: (0-800)Bits 0-4:0 – Non SupplementalScan1 – SAILS Scan","1, Note 24"
