PRODUCT NAME,CONTENT,UNITS,RANGE,"ACCURACY/PRECISION",REMARKS
VAD WIND PROFILE,Site Adaptable Parameters,See Remarks,See Remarks,See Remarks,"2820003 Pt1, Table A-16 VAD"
"",ALT,100ft,0 to 700,1,
"",U,m/s,-127.0 to 126.0,0.1,
"",V,m/s,-127.0 to 126.0,0.1,
"",W,cm/s,-999.9 to 9999.9,0.1,
"",DIR,degrees,0 to 360,1,
"",SPD,knots,0 to 999,1,
"",RMS,knots,0 to 30.0,0.1,
"",DIV,10/s,"-99.9999 to999.9999",0.0001,
"",SRNG,nm,0.0 to 124.00,0.01,
"",ELEV,degrees,-1.0 to 45.0,0.1,
"STORM TRACKINGINFORMATION",Radar ID,N/A,0 to 999,1,
"",Volume Scan Start Date,N/A,"Months:  1 to 12Days:  1 to 31Years:  0 to 99",N/A,
"",Volume Scan Start Time,N/A,"Hours:  0 to 23Minutes:  0 to 59Seconds:  0 to 59",N/A,
"",Number of  Storm Cells,N/A,0 to 100,1,
"","Average Storm Cell Motion· Speed",kts,0 to 99,1,"Only on first page of AlphanumericProduct"
"",Direction,degrees,0 to 360,1,
"",Storm Cell ID,Alphanumeric,"A0 through Z0,then A1 through Z1,then A2....Z9",N/A,"The sequence is recycled following Z9Note 1"
"","Current Position:·   Azimuth",Degrees,0 to 360,1,Note 1
"",·   Range,nmi,0 to 24,1,
