Field Name,Type,Units,Range,Acc/Prec,Remarks
Block Divider,INT*2,N/A,-1,N/A,"Integer value of -1 used todelineate this block from theMessage Header block"
Block ID,INT*2,N/A,1,N/A,"Value of 1 indicates ""Bias Table""type of  Environmental Data1"
Version Number,INT*2,N/A,0 to 99,1,"Initial=0, then 1, 2..."
Block Length,INT*2,N/A,70 to 270,1,"Length of block in bytes (from -1divider to end of block)"
"AWIPS Site ID (MSW)/AWIPS Site ID (LSW)",CHAR*4,N/A,N/A,N/A,"ID of AWIPS site (RFC or WFO)which originally computed themean field bias (leading blank +3chars)"
"Radar ID (MSW) /Radar ID (LSW)",CHAR*4,N/A,N/A,N/A,"ID of destination radar(leading blank +3 chars)"
"Observation Time:Year",INT*2,N/A,1970-2099,1,"Ending date/time of Gage-Radaraccum. period in Bias Table"
"Observation Time:Month",INT*2,N/A,1-12,1,""""
Observation Time: Day,INT*2,N/A,1-31,1,""""
"Observation Time:Hour",INT*2,N/A,0-23,1,""""
"Observation Time:Minute",INT*2,N/A,0-59,1,""""
"Observation Time:Second",INT*2,N/A,0-59,1,""""
Generation Time: Year,INT*2,N/A,1970-2099,1,"Date/time of generation of BiasTable (will be later than Obs.time)"
"Generation Time:Month",INT*2,N/A,1-12,1,""""
Generation Time: Day,INT*2,N/A,1-31,1,""""
Generation Time: Hour,INT*2,N/A,0-23,1,""""
"Generation Time:Minute",INT*2,N/A,0-59,1,""""
"Generation Time:Second",INT*2,N/A,0-59,1,""""
No. Rows (in Table),INT*2,N/A,2-12,1,"No. Memory Spans evaluated(default: 10)"
"Memory Span (MSW) /Memory Span (LSW)","Log, thenScaledInt2",Hours,".001 - 1. x10**7",.001,Period of Gage-Radar Analysis
"No. G-R Pairs (MSW) /No. G-R Pairs (LSW)","ScaledInteger",N/A,".001 - 1. x10**5",.001,"Effective sample size(No. Gage-Radar Pairs)"
