"",,,,,"-198.0 to +198.0, Note 15",
Lyr 1 Comp Ref-AP (max),67,30,"AVSET termination elevation angleOtherwise = 0",Degree,-1.0 to +45.0,".1, Note 1"
Lyr 1 Comp Ref-AP (max),67,47,Max Reflectivity,dBZ,-32 to +95,1
Lyr 1 Comp Ref-AP (max),67,48,Bottom of layer,1000 Feet,0,Note 5
Lyr 1 Comp Ref-AP (max),67,49,Top of layer,1000 Feet,6 to 58,1
Lyr 1 Comp Ref-AP (max),67,51,Cal. Constant (MSB),,,
Lyr 1 Comp Ref-AP (max),67,52,Cal. Constant           (LSB),dB (Real*4),"-50.0 to +50.0, Note 14-198.0 to +198.0, Note 15","N/A, Note 2"
Lyr3 Comp. Reflect (max),90,30,"AVSET termination elevation angleOtherwise = 0",Degree,-1.0 to +45.0,".1, Note 1"
Lyr 3 Comp.Reflect (max),90,47,Max Reflectivity,dBZ,-32 to +95,1
Lyr 3 Comp.Reflect (max),90,48,Bottom of layer,1000 Feet,12 to 64,1
Lyr 3 Comp.Reflect (max),90,49,Top of layer,1000 Feet,18 to 70,1
Lyr 3 Comp.Reflect (max),90,51,Cal. Constant  (MSB),,,
Lyr 3 Comp.Reflect (max),90,52,Cal. Constant (LSB),dB (Real*4),"-50.0 to +50.0, Note 14-198.0 to +198.0, Note 15","N/A, Note 2"
Mesocyclone Detection,141,27,"Adaptation Data setting for MinimumReflectivity Threshold",dBZ,-25 to 35,1
Mesocyclone Detection,141,28,"Adaptation Data setting for OverlapDisplay Filter",N/A,0 or 1,"0 = overlapfilter OFF1 = overlapfilter ON"
Mesocyclone Detection,141,30,"Adaptation Data setting for MinimumDisplay Filter Strength Rank",N/A,1 to 5,1
Microburst AMDA,196,49,Detection Count,NA,0-1000,1
"One-hour Snow WaterEquivalent",144,27,Length of Missing Periods,Minutes,0 to 32767,1
"One-hour Snow WaterEquivalent",144,30,Use RCA Flag,N/A,0 or 1,1
"One-hour Snow WaterEquivalent",144,47,Maximum Value,Inches,0.001 to 32.767,"0.001, Note1"
"One-hour Snow WaterEquivalent",144,48,Starting Date,Julian Date,1 to 32767,1
