Storm Total Snow Depth,147,27,Length of Missing Periods,Minutes,0 to ??,1
Storm Total Snow Depth,147,30,Use RCA Flag,N/A,0 or 1,1
Storm Total Snow Depth,147,47,Maximum Value,Inches,0.0 to 3276.7,"0.1, Note 1"
Storm Total Snow Depth,147,48,Starting Date,Julian Date,1 to 32767,1
Storm Total Snow Depth,147,49,Starting Time,Minutes,0 to 1439,1
Storm Total Snow Depth,147,50,Ending Date,Julian Date,1 to 32767,1
Storm Total Snow Depth,147,51,Ending Time,Minutes,0 to 1439,1
Storm Total Snow Depth,147,52,Azimuth of Max.,Degrees,0 to 359,1
Storm Total Snow Depth,147,53,Range to Max.,Nmi,0 to 124,1
"Storm Total Snow WaterEquivalent",146,27,Length of Missing Periods,Minutes,0 to 32767,1
"Storm Total Snow WaterEquivalent",146,30,Use RCA Flag,N/A,0 or 1,1
"Storm Total Snow WaterEquivalent",146,47,Maximum Value,Inches,0.00 to 327.67,"0.01, Note 1"
"Storm Total Snow WaterEquivalent",146,48,Starting Date,Julian Date,1 to 32767,1
"Storm Total Snow WaterEquivalent",146,49,Starting Time,Minutes,0 to 1439,1
"Storm Total Snow WaterEquivalent",146,50,Ending Date,Julian Date,1 to 32767,1
"Storm Total Snow WaterEquivalent",146,51,Ending Time,Minutes,0 to 1439,1
"Storm Total Snow WaterEquivalent",146,52,Azimuth of Max.,Degrees,0 to 359,1
"Storm Total Snow WaterEquivalent",146,53,Range to Max.,Nmi,0 to 124,1
Storm Track,58,47,Total Number of Storms,N/A,0 to 100,1
"Super Resolution Digital BaseReflectivity",153,30,Elevation Angle,Degree,-1.0 to +45.0,.1
"Super Resolution Digital BaseReflectivity",153,47,Max Reflectivity,dBZ,"-32 to +95, (-33)","1, Note 6"
"Super Resolution Digital BaseReflectivity",153,50,Delta Time / Supplemental Scan,"Seconds /N/A","Bits 5-15: (0-800)Bits 0-4:0 – Non Supplemental","1, Note 24"
