FIELDNAME,TYPE,UNITS,RANGE,"PRECISION/ACCURACY",REMARKS
Packet Code,INT*2,N/A,3501 (Hex),N/A,Packet Type X'3501'
Length of Vectors,INT*2,Bytes,8 to 32760,Multiples of 8,"Length to follow inbytes (where length = #of vectors X 8)"
Begin I Vector 1,INT*2,Km/4 or Pixels,-2048 to +2047,1,"I coordinate for vectorstarting point 1"
Begin J Vector 1,INT*2,Km/4 or Pixels,-2048 to +2047,1,"J coordinate for vectorstarting point 1"
End 1 Vector 1,INT*2,Km/4 or Pixels,-2048 to +2047,1,"I coordinate for vectorend point 1"
End J Vector 1,INT*2,Km/4 or Pixels,-2048 to +2047,1,"J coordinate for vectorend point 1"
Begin I Vector 2,INT*2,Km/4 or Pixels,-2048 to +2047,1,"I coordinate for vectorstarting point 2"
Begin J Vector 2,INT*2,Km/4 or Pixels,-2048 to +2047,1,"J coordinate for vectorstarting point 2"
End I Vector 2,INT*2,Km/4 or Pixels,-2048 to +2047,1,"I coordinate for vectorend point 2"
End J Vector 2,INT*2,Km/4 or Pixels,-2048 to +2047,1,"J coordinate for vectorend point 2"
