147,43,Storm Total Snow Depth,0.54 x 1 Nmi x Deg,124,16,Radial Image
148,,Spare,,,,
149,20,Digital Mesocyclone Detection,N/A,124,N/A,Generic Data Format
150,44,"User Selectable Snow WaterEquivalent",0.54 x 1 Nmi x Deg,124,16,Radial Image
151,44,User Selectable Snow Depth,0.54 x 1 Nmi x Deg,124,16,Radial Image
152,,Archive III Status Product,,,,Generic Data Format
153,1,"Super Resolution Reflectivity DataArray",0.13 x 0.5 Nmi x Deg,248,256,Radial Image
154,2,"Super Resolution Velocity DataArray",0.13 x 0.5 Nmi x Deg,162,256,Radial Image
155,3,"Super Resolution Spectrum WidthData Array",0.13 x 0.5 Nmi x Deg,162,256,Radial Image
156,,Spare,,,,
157,,Spare,,,,
158,,Spare,,,,
159,48,Digital Differential Reflectivity,.13 x 1 Nmi x Deg,162,256,Radial Image
160,,Spare,,,,
161,49,Digital Correlation Coefficient,.13 x 1 Nmi x Deg,162,256,Radial Image
162,,Spare,,,,
163,50,Digital Specific Differential Phase,.13 x 1 Nmi x Deg,162,256,Radial Image
164,,Spare,,,,
165,51,Digital Hydrometeor Classification,.13 x 1 Nmi x Deg,162,256,Radial Image
166,52,Melting Layer,.13  x  .13 Nmi x Nmi,124,N/A,Linked Contour Vectors/Set Color Level
167,53,"Super Res Digital CorrelationCoefficient",.13x0.5 Nmi x Deg,162,256,Radial Image
168,54,Super Res Digital Phi,.13x0.5 Nmi x Deg,162,256,Radial Image
169,53,One Hour Accumulation,1.1 Nmi  X 1 Degree,124,16,Radial Image
170,54,Digital Accumulation Array,0.13 Nmi  X 1 Degree,124,256,Radial Image
171,55,Storm Total Accumulation,1.1 Nmi  X 1 Degree,124,16,Radial Image
172,56,Digital Storm Total Accumulation,0.13 Nmi  X 1 Degree,124,256,Radial Image
173,57,"Digital User- SelectableAccumulation",0.13 Nmi  X 1 Degree,124,256,Radial Image
174,58,"Digital One-Hour DifferenceAccumulation",0.13 Nmi  X 1 Degree,124,256,Radial Image
