FIELDNAME,TYPE,UNITS,RANGE,"PRECISION/ACCURACY",REMARKS
Packet Code,INT*2,N/A,0E03 (Hex),N/A,Packet Type X'0E03'
"Initial PointIndicator",INT*2,N/A,8000 (Hex),N/A,"Indicates that initialpoint is present in thispacket"
I Starting point,INT*2,Km/4,-2048 to +2047,1,"I coordinate for vectorstarting point"
J Starting Point,INT*2,Km/4,-2048 to +2047,1,"J coordinate for vectorstarting point"
Length of vectors,INT*2,Bytes,4 to 32764,Multiples of 4,"Length to follow inbytes (where length = #of vectors X4)"
"End I VectorNumber 1",INT*2,Km/4,-2048 to +2047,1,"I coordinate for vectorend point 1"
"End J VectorNumber 1",INT*2,Km/4,-2048 to +2047,1,"J coordinate for vectorend point 1"
"End I VectorNumber 2",INT*2,Km/4,-2048 to +2047,1,"I coordinate for vectorend point 2"
"End J VectorNumber 2",INT*2,Km/4,-2048 to +2047,1,"J coordinate for vectorend point 2"
". . .",,,,,
