"ProductName",Code,"PhysicalUnits","Scale(hw31, 32)","Offset(hw33,34)","MaximumDataValue(hw36)","Leading Flags(hw37)","TrailingFlags(hw38)"
"DifferentialReflectivity",159,dB,16.0,128.0,255,"2; 0 = belowthreshold1 = range folded",0
"CorrelationCoefficient",161,Unitless,300.0,-60.5,255,"2; 0 = belowthreshold1 = range folded",0
"SpecificDifferentialPhase",163,Deg/km,20.0,43.0,243,"2; 0 = belowthreshold1 = range folded",0
"Super ResDigitalCorrelationCoefficient",167,Unitless,300.0,-60.5,255,"2; 0=belowthreshold1=range folded",0
"Super ResDigital Phi",168,Unitless,0.702777,2.0,255,"2; 0 = belowthreshold1 = range folded",0
"Digital AccumArray",170,0.01 inches,Note A,Note A,255,"1; 0 =NO_DATA",0
