"","Forecast Movement·    Direction","Alphanumericor Degrees",0 to 359,1,Note   1
"",Speed,Kts,0 to 999,1,
"",Forecast Error,nmi,0.0 to   99.0,0.1,Note 1
"",Mean Forecast Error,nmi,0.0 to   99.0,0.1,Note 1
"","The Azimuth and RangePosition for each forecastinterval up to four forecastintervals","Alphanumericor Degree Nmi","NO DATA or0 to 3600 to 248",1,Note 1
"","Site Store CellTracking/Forecast PositionAdaptable Parameters",See Remarks,See Remarks,See Remarks,"2820003, Pt1, Table A-6 Storm CellTracking"
"TORNADO VORTEXSIGNATURE (TVS)",Radar ID,N/A,0 to 999,1,
"",Volume Scan Start Date,N/A,"Months: 1 to 12Days: 1 to 31Years: 0 to 99",N/A,
"",Volume Scan Start Time,N/A,"Hours: 0 to 23Minutes: 0 to 59Seconds: 0 to 59",N/A,
"",Number of TVSs,N/A,0 to 25,1,"If the TDA identified more than the(adaptable) maximum number ofTVSs, then the number will bepreceded by a "">"""
"",Number of ETVSs,N/A,0 to 25,1,"If the TDA identified more than the(adaptable) maximum number ofETVSs, then the number will bepreceded by a "">"""
"",Feature Type,Alphanumeric,TVS or ETVS,N/A,
"",Feature ID,N/A,01 through 25,0/1,"TVSs and ETVSs are numberedindependently"
"",Storm Cell ID,Alphanumeric,"A0 through Z0, thenA1 through Z1, thenA2....Z9, or ??",N/A,"The sequence is recycled following Z9.""??"" is displayed if the TVS or ETVSis not associated with a storm cell"
