105,,"Site Adaptable Parameters forCombined Shear",,,,
106,,Spare,,,,
107,,"Surface Rainfall (1 hr)Alphanumeric Block",,,,
108,,"Surface Rainfall (3 hr)Alphanumeric Block",,,,
109,,"Storm Total Rainfall AccumulationAlphanumeric Block",,,,
110,,"Clutter Likelihood ReflectivityAlphanumeric Block",,,,
111,,"Clutter Likelihood DopplerAlphanumeric Block",,,,
112,,Reserved for Future Products,,,,
113,,Power Removed Control Product,.13 x 0.5 Nmi. x Deg,162 nmi,13,Radial Image
114-131,,Reserved for Furture Products,,,,
132,36,Clutter Likelihood Reflectivity,.54 x 1 Nmi. x Deg,124,11,Radial Image
133,37,Clutter Likelihood Doppler,.54 x 1 Nmi. x Deg,124,12,Radial Image
134,39,High Resolution VIL,.54 x 1 Nmi x Deg,248,256,Radial Image
135,41,Enhanced Echo Tops,.54 x 1 Nmi x Deg,186,199,Radial Image
136,,Spare,,,,
137,40,"User Selectable Layer CompositeReflectivity",0.54 Nmi x1Deg,124 nmi,16,"Radialimage"
138,29,Digital Storm Total Precipitation,1.1Nmi x 1Deg,124,256,Radial Image
139,,Spare,,,,
140,46,Gust Front MIGFA,N/A,38,N/A,Generic Data Format
141,20,Mesocyclone Detection,N/A,124,N/A,Geographic and Non-geographic Alpha
142,,Spare,,,,
143,21,"Tornado Vortex Signature RapidUpdate",N/A,124,N/A,"Geographic and Non-geographicAlphanumeric"
144,42,One-hour Snow Water Equivalent,0.54 x 1 Nmi x Deg,124,16,Radial Image
145,42,One-hour Snow Depth,0.54 x 1 Nmi x Deg,124,16,Radial Image
146,43,"Storm Total Snow WaterEquivalent",0.54 x 1 Nmi x Deg,124,16,Radial Image
