"Product Name(see Note 1)","MessageCode",Slice,"Parameter 1(see Note 2)","Parameter 2(see Note 2)","Parameter 3(see Note 2)","Parameter 4(see Note 2)"
Base Products,16-30,Elevation,N/A,N/A,N/A,N/A
"User  SelectableLayer Reflectivity",137,N/A,"BottomAltitude ofLayer","Top Altitudeof Layer",N/A,N/A
Cross Section,"50, 51, 85,86",N/A,"Azimuth ofPoint 1","Range ofPoint 1","Azimuth ofPoint 2","Range ofPoint 2"
"Storm RelativeMean RadialVelocity Map",56,Elevation,N/A,N/A,Storm  Speed,"StormDirection"
"Velocity AzimuthDisplay",84,Altitude,N/A,N/A,N/A,N/A
"Tornado VortexSignature RapidUpdate (TRU)",143,Elevation,N/A,N/A,N/A,N/A
"User SelectableSnow WaterEquivalent andUser SelectableSnow Depth","150, 151",N/A,End Hour,Time Span,N/A,N/A
"DifferentialReflectivity",158-159,Elevation,N/A,N/A,N/A,N/A
"CorrelationCoefficient",160-161,Elevation,N/A,N/A,N/A,N/A
"Specific DifferentialPhase",162-163,Elevation,N/A,N/A,N/A,N/A
"HydrometeorClassification",164-165,Elevation,N/A,N/A,N/A,N/A
Melting Layer,166,Elevation,N/A,N/A,N/A,N/A
"Digital UserSelectableAccumulation",173,N/A,End Time,Time Span,N/A,N/A
