"",Height of Max Reflectivity,Kft,0 to 70 (71)*,1,"() *Value Indicates DataNot Available"
"","Max ReflectivityPosition:· Azimuth· Range","Degreesnmi","0 to 3590 to 124","11",
"VELOCITY CROSSSECTION",Azimuth,Degrees,0 to 359,1,
"",Range,nmi,0 to 124,1,
"",Max Velocity,Kts,0 to 245,1,
"","Height of MaxVelocity",Kft,0 to 70 (71)*,1,"( ) * Value Indicatesdata not available"
"","Max Velocity Position:· Azimuth· Range","Degreesnmi","0 to 3590 to 124","11",
"",Min Velocity,Kts,-247 to 0,1,
"",Height of Min Velocity,Kft,0 to 70 (71)*,,"() *Value Indicates DataNot Available"
"","Min Velocity Position:·  Azimuth·  Range","Degreesnmi","0 to 3590 to 124","11",
"USER SELECTABLEPRECIPITATION",Status,Alphanumeric,"- Product NotGenerated: UnableTo Read Data fromDatabase- Product NotGenerated: IllegalTimes in ProductRequest- Product NotGenerated:InsufficientAccumulation DateIn Hourly Database",N/A,"Status messages will besent only if errorconditions occur"
