"PRODUCTNAME","MSGCODE(s)",HALFWORD,CONTENT,UNITS,RANGE,"ACCURACY/PRECISION"
"Base Products,ITWS DigitalBase Velocity,ClutterLikelihood(Reflectivity andDoppler) PowerRemoved ControlProduct","30, 93, 94,99, 113, 132,133, 193,195",22,Elevation Angle,Degrees,-1.0 to 45.0,".1, Note 1, 9"
Cross Section,"50, 51","20212223","Azimuth ofPoint 1Range of Point 1Azimuth ofPoint 2Range of Point 2","DegreeNmiDegreeNmi","0 to 359.90 to 124.0Same asPoint 1Same asPoint 1",".1, Note 1,10.1, Note 1,10.1, Note 1,10.1, Note 1,10"
"Storm RelativeMean RadialVelocity Map",56,"222324","Elevation AngleStorm SpeedStorm Direction","DegreeKnotsDegrees","-1.0 to 45.00 to 99.90 to 359.9",".1, Note 1,9.1, Note 1,3.1, Note 1"
VAD,84,22,Altitude,K Feet,0 to 70,1
"User SelectablePrecipitation(Note 5)",31,"2021","End HourTime Span","HoursHours","-1 to 23,1 to 24","1, Note 61"
