"",,,,,Bit 5 = 1,LOW Resolution VMI
59,"SupplementalCut Map",Integer,N/A,"0.1/BitNote 3",Bit 15 = LSB,Where:
"",,,,,Bit 15 = 1,"Elevation Cut 1 of VCP is asupplemental cut"
"",,,,,Bit 0 = 1,"Elevation Cut 16 of VCP is asupplemental cut"
60,"SupplementalCut Map",Integer,N/A,"0.1/BitNote 3",Bits 0-6,"Number of supplemental cuts inVCP"
"",,,,,Bit 15 = 1,"Elevation Cut 17 of VCP is asupplemental cut"
"",,,,,Bit 7 = 1,"Elevation Cut 25 of VCP is asupplemental cut"
61-100,Spare,N/A,N/A,N/A,N/A,N/A
