"PRODUCTNAME",CONTENT,UNITS,RANGE,"ACCURACY/PRECISION",REMARKS
"STORMSTRUCTURE",Radar ID,N/A,0 to 999,N/A,
"",Volume Scan Start Date,N/A,"Months:  1 to 12Days:  1 to 31Years:  0 to 99",N/A,
"",Volume Scan Start Time,N/A,"Hours:  0 to 23Minutes:  0 to 59Seconds:  0 to 59",N/A,
"",Number of Storms Cells,N/A,0 to 100,1,
"",Storm Cell  ID,Alphanumeric,"A0 through Z0,then A1 through Z1,then A2 ...Z9",N/A,"The sequence is recycled following Z9Note 1"
"","Storm Positions:· Azimuth· Range","Degreesnmi","0 to 3600 to 248","11",Note 1
"",Storm Base,Kft,0.0 to 70.0,0.1,"If the storm base was identified at thelowestelevation, the value is qualified with ""<"".Note 1"
"",Storm Top,Kft,0.0 to 70.0,0.1,"If the storm top was identified at thehighest elevation, the value is qualifiedwith "">"".  Note 1"
"",Cell Based VIL,kg/m2,0 to 120,1,Note 1
"",Maximum   Reflectivity,dBZ,0  to 95,1,Note 1
"","Height of MaximumReflectivity",Kft,0.0 to 70.0,0.1,Note 1
"","Site AdaptableParameters",See Remarks,See Remarks,See Remarks,"See Table LXVIII, SiteAdaptation Data inRadar ProductGeneration Program,"
