"UserSelectableLayerCompositeReflectivity",137,"2021","Bottom Altitudeof LayerTop Altitude ofLayer","K FeetK Feet","0 to 691 to 70","11, Note 8"
"Tornado VortexSignature RapidUpdate",143,22,Elevation Angle,Degrees,-1.0 to 45.0,".1, Note 1,9"
"DigitalMesocycloneDetection",149,22,Elevation Angle,Degree,"-1.0 to +45.0",".1, Note 1,9"
"User SelectableSnowAccumulations(Note 5)","150, 151","2021","End HourTime Span","HoursHours","-1 to 231 to 30","1, Note 61"
"Super ResolutionBase Products(R/V/SW)","153, 154,155",22,Elevation Angle,Degrees,-1.0 to 45.0,".1, Note 1,9"
"DifferentialReflectivity",159,22,Elevation Angle,Degree,"-1.0 to +45.0",".1, Note 1,9"
"CorrelationCoefficient",161,22,Elevation Angle,Degree,"-1.0 to +45.0",".1, Note 1,9"
"SpecificDifferentialPhase",163,22,Elevation Angle,Degree,"-1.0 to +45.0",".1, Note 1,9"
"HydrometeorClassification",165,22,Elevation Angle,Degree,"-1.0 to +45.0",".1, Note 1,9"
Melting Layer,166,22,Elevation Angle,Degree,"-1.0 to +45.0",".1, Note 1,9"
"Super Res DigitalCorrelationCoefficient",167,22,Elevation Angle,Degree,-1.0 to +45.0,".1, Note 1,9"
"Super Res DigitalPhi",168,22,Elevation Angle,Degree,-1.0 to +45.0,".1, Note 1,9"
"DigitalUser-SelectableAccumulation(Note 5)",173,"2021","End TimeTime Span","MinsMins","-1 to 143915 to 1440","1, Note 11"
