"",,,"Precipitation for ResettingStorm Totals'""""   [RAINT] is mm minutes- No precipitation detectedsince RPG startup.Threshold: 'Time WithoutPrecipitation for ResettingStorm Totals'""""   [RAINT] is mm minutes",,
"One-HourAccumulation",Status,Alphanumeric,"- No precipitation detectedsince dd/mm/yy hh:mm Z.- No precipitation detectedsince RPG startup.",N/A,"Status messages will besent only if errorconditions occur"
"Digital AccumulationArray",Status,Alphanumeric,"- No precipitation detectedsince dd/mm/yy hh:mm Z.- No precipitation detectedsince RPG startup.",N/A,"Status messages will besent only if errorconditions occur"
"All Dual-PolarizationAccumulation Products",Status,Alphanumeric,"- No accumulationavailable.Threshold: 'Elapsed Time toRestart' [TIMRS] (mmminutes) exceeded",N/A,"Status messages will besent only if errorconditions occur"
"All Dual-PolarizationAccumulation Products",Status,Alphanumeric,"- Product unavailable -unknown reason nn",N/A,"“Default” status messageswill be sent only if errorconditions occur and iferror condition is unknown"
