"FIELDNAME",TYPE,UNITS,RANGE,"PRECISION/ACCURACY",REMARKS
Name,String,N/A,N/A,N/A,Product name
Description,String,N/A,N/A,N/A,"Product description (maycontain version information)"
Code,INT*4,N/A,See Table II,N/A,Product code
Type,INT*4,N/A,1 to 7,1/1,"1=Volume, 2=Elevation,3=Time,4=On Demand,5=On Request, 6=Radial,7=External"
"GenerationTime",UINT*4,Seconds,"0 to4294967295",1/0.5,"Product generation time.See Note 1."
Radar Name,String,N/A,N/A,N/A,"Null or empty stringindicates the radar name isnot applicable"
"RadarLatitude",REAL*4,Degrees,"-90.0 to+90.0",N/A,"Only applicable if radarname specified."
"RadarLongitude",REAL*4,Degrees,"-180.0 to+180.0",N/A,"Only applicable if radarname specified."
Radar Height,REAL*4,Meters,30 to 3350,N/A,"Meters above mean sealevel."
"Volume ScanStart Time",UINT*4,Seconds,"0 to4294967295",1/0.5,"Volume scan start time.  SeeNote 1."
"ElevationScan StartTime",UINT*4,Seconds,"0 to4294967295",1/0.5,"Used only if type is equal to2.  See Note 1."
"ElevationAngle",REAL*4,Degrees,-1.0 to +45.0,N/A,Angle of elevation scan
"Volume ScanNumber",INT*4,N/A,1 to 80,N/A,"Counter, recycles to 1 after80 volume scans."
"OperationalMode",INT*2,N/A,1 to 3,N/A,"1=Test,2=Clear Air,3=Precipitation"
"VolumeCoveragePattern",INT*2,N/A,0 to 999,N/A,"Volume coverage pattern(VCP) number"
"ElevationNumber",INT*2,N/A,1 to 20,N/A,"Elevation number withinthe VCP.  Only used if typeis equal to 2."
Spare,INT*2,N/A,N/A,N/A,"Spare (reserved for futurecompression type)"
Spare,INT*4,N/A,N/A,N/A,"Spare (reserved for futuredecompressed size)"
"Number ofParameters",INT*4,N/A,0 to 1000,N/A,"Number of product specificparameters"
"ParameterList","PointertoStructure",N/A,N/A,N/A,See Note 2
