Digital One-Hour Difference,174,47,Max Accum Difference,Inches,-100.0 to 100.0,".1,  Note 1"
Digital One-Hour Difference,174,48,Ending Date of Accumulation,Julian Date,1 to 32767,1
Digital One-Hour Difference,174,49,Ending Time of Accumulation,Minutes,0 to 1439,1
Digital One-Hour Difference,174,50,Min Accum Difference,Inches,-100.0 to 100.0,".1,  Note 1"
Digital One-Hour Difference,174,51,Compression Method,N/A,0 or 1,"N/A, Note23"
Digital One-Hour Difference,174,52,Size of uncompressed product (MSW),Bytes,2836 to 335096,1 byte
Digital One_hour Difference,174,53,Size of uncompressed product (LSW),Byte,,1 byte
Digital Storm Total Difference,175,27,Start Date of Accumulation,Julian Date,1 to 32767,1
Digital Storm Total Difference,175,28,Start Time of Accumulation,Minutes,0 to 1439,1
Digital Storm Total Difference,175,30,Null Product Flag,N/A,0 to 5,"1, Note 9,Note 19"
Digital Storm Total Difference,175,47,Max Accum Difference,Inches,-100.0 to 100.0,".1,  Note 1"
Digital Storm Total Difference,175,48,Ending Date of Accumulation,Julian date,1 to 32767,1
Digital Storm Total Difference,175,49,Ending Time of Accumulation,Minutes,0 to 1439,1
Digital Storm Total Difference,175,50,Min Accum Difference,Inches,-100.0 to 100.0,".1,  Note 1"
Digital Storm Total Difference,175,51,Compression Method,N/A,0 or 1,"N/A, Note23"
Digital Storm Total Difference,175,52,Size of uncompressed product (MSW),Bytes,2836 to 335096,1 byte
Digital Storm Total Difference,175,53,Size of uncompressed product (LSW),Bytes,,1 byte
"Digital InstantaneousPrecipitation Rate",176,27,Hybrid Rate Scan Date,Julian date,1 to 32767,1
"Digital InstantaneousPrecipitation Rate",176,28,Hybrid Rate Scan Time,Minutes,0 to 1439,1
"Digital InstantaneousPrecipitation Rate",176,30,"Precipitation Detected Flag (high byte)& Gage Bias to be Applied Flag (lowbyte)",N/A,0 or 1,"N/A, Note18"
"Digital InstantaneousPrecipitation Rate",176,47,"Maximum Instantaneous PrecipitationRate",in/hr,0 to 65535,"0.001, Note1, Note 20"
"Digital InstantaneousPrecipitation Rate",176,48,Hybrid Rate Percent Bins Filled,Percent,0.01 - 100.00,".01%, Note1"
"Digital InstantaneousPrecipitation Rate",176,49,Highest Elev. Used,Degrees,0.5 - 19.5,"0.1°, Note 1"
"Digital InstantaneousPrecipitation Rate",176,50,Mean-field Bias,N/A,0.00 to 99.99,".01, Note 1,Note 18"
