"REFLECTIVITY ORCOMPOSITEREFLECTIVITYEDITED FOR AP",,,"then A1 through Z1, thenA2...Z9.",,recycled following   Note 1
"","Storm Position:·  Azimuth·   Range","Degreesnmi","0 to 3600 to 248","11",Note 1
"",Maximum Reflectivity,dBZ,0 to 95,1,Note 1
"","Height of MaximumReflectivity",Kft,0.0 to 70.0,0.1,Note   1
"",Cell-Based VIL,kg/m2,0 to 120,1,Note 1
"",Storm Top,Kft,0.00 to 70.00,0.1,"If the storm top wasidentified at the highestelevation, the value isqualified with "">"", Note 1"
"","Forecast Movement·   Storm Direction·   Storm Speed","AlphanumericorDegreesKts","New or0  to 3600 to  999","11","Newly identified stormcells are labeled ""NEW"".Note   1"
"","MDAStrength Rank",Alphanumeric,"NONE, 1 to 25",1,
"",TVS Feature Type,Alphanumeric,"NONE, TVS or ETVS",N/A,"If both a TVS and ETVSare associated with thesame storm cell, then""TVS"" will be displayed.Note 1"
"","Hail Characteristics· Probability of Hail         (POH)· Probability of Severe Hail(POSH)· MaximumExpectedHail Size","AlphanumericorPercentPercentInches","UNKNOWN or0 to 1000 to 1000.00 and 0.50 to 4.00","10100.25","If the maximum expectedhail size exceeds 4.0inches, the hail size islabeled "">4.00"".If the Probability of Hailand the Probability ofSevere Hail are greater the0% and the maximum"
