FIELD NAME,TYPE,UNITS,RANGE,"PRECISION/ACCURACY",REMARKS
Table Component Type,INT*4,N/A,5,N/A,Table component type
"Number of ComponentParameters",INT*4,N/A,1 to 1000,N/A,"Number of componentparameters"
Component Parameter List,"Pointer toStructure",N/A,N/A,N/A,See Figure E-2
Title,String,N/A,N/A,N/A,ASCII string
Number of Columns,INT*2,N/A,1 to 32768,N/A,"Number of columns intable"
Number of Rows,INT*2,N/A,1 to 32768,N/A,Number of rows in table
Column Labels,"Pointer toStructure",N/A,N/A,N/A,See Figure E-12.
Row Labels,"Pointer toStructure",N/A,N/A,N/A,See Figure E-12.
Entries,Structure,N/A,N/A,N/A,See Figure E-12.
