"",MSB       HALFWORD       LSB,
PRODUCT                 10,(-1)  BLOCK DIVIDER,
DESCRIPTION         11,LATITUDE OF RADAR  (MSW),
BLOCK                      12,LATITUDE OF RADAR  (LSW),
13,LONGITUDE OF RADAR  (MSW),
14,LONGITUDE OF RADAR  (LSW),
15,HEIGHT OF RADAR,
16,PRODUCT CODE,
17,OPERATIONAL MODE,
18,VOLUME COVERAGE PATTERN,
19,SEQUENCE NUMBER,
20,VOLUME SCAN NUMBER,
21,VOLUME SCAN DATE,
22,VOL SCAN START TIME  (MSW),
23,VOL SCAN START TIME  (LSW),
24,PRODUCT GENERATION DATE,
25,PROD GENERATION TIME (MSW),
26,PROD GENERATION TIME (LSW),
27,PRODUCT DEPENDENT (P1),(SEE TABLE V)
28,PRODUCT DEPENDENT (P2),(SEE TABLE V)
29,ELEVATION NUMBER,
