VAD Wind Profile,48,47,Max Speed  (Horiz),Knots,0 to 350,"1,  Note 5"
VAD Wind Profile,48,48,Direct of Max Speed,Degree,0 to 359,"1,   Note 1& 5"
VAD Wind Profile,48,49,Alt of Max Speed,Feet/10,00.00 to 70.00,".01,  Note 5"
Velocity Az. Display,84,47,Wind Speed (Horiz),Knots,0 to 350,"1,  Note 5"
Velocity Az. Display,84,48,Wind Direct(Horiz),Degree,0 to 359,"1,  Note 1 &5"
Velocity Az. Display,84,30,Wind Alt   (Horiz),1000 Feet,0 to 70,1
Velocity Az. Display,84,49,Elevation Angle,Degree,-1.0 to +45.0,".1,  Note 1& 5"
Velocity Az. Display,84,50,Slant Range,Nmi,0.0 to 124.0,".1,  Note 1& 5"
Velocity Az. Display,84,51,RMS Error,Knots,0 to 29,"1,  Note 5"
Vertically Integ. Liq,57,30,"AVSET termination elevation angleOtherwise = 0",Degree,-1.0 to +45.0,".1, Note 1"
Vertically Integ. Liq,57,47,Max VIL,"Kg/Sq.meter",0 to 200,1
Differential Reflectivity,159,30,Elevation Angle,Degree,-1.0 to +45.0,".1, Note 1"
Differential Reflectivity,159,47,Minimum Differential Reflectivity,dB,-7.9 to +7.9,.1
Differential Reflectivity,159,48,Maximum Differential Reflectivity,dB,-7.9 to +7.9,.1
