"HALFWORD",FIELDNAME,TYPE,UNITS,RANGE,"PRECISION/ACCURACY",REMARKS
10,Block Divider,INT*2,N/A,-1,N/A,"Value of -1 used to delineatethe Header from theCommand Parameter Block."
11,Version Number,INT*2,N/A,1-999,N/A,"Version Number of theCommand Control Message.When new commandparameters are added orremoved, the version numberis incremented."
12,Length of Block,INT*2,Bytes,12,1,"Number of bytes in block,including block divider."
13,Select VCP,INT*2,N/A,See Note 2.,N/A,"VCP to execute next volumescan with optional volumescan restart."
14,AVSET Control,INT*2,N/A,"As Listed:0:  No Change2:  Enable4:  Disable",N/A,"AVSET state to take effectnext volume scan."
15,SAILS Control,Code*2,N/A,"As Listed:-1:  No Change0:  Disable1-3:  SAILS Cuts",N/A,"Number of SAILS cutsrequested for next SAILSenabled VCP executed.  (SeeNote 1.)"
16,MRLE Control,Code*2,N/A,"As Listed:-1:  No Change0:  Disable2-4:  MRLE Cuts",N/A,"Number of MRLE cutsrequested for next MRLEenabled VCP executed.  (SeeNote 2.)"
17,"VelocityMeasurementIncrement (VMI)",Code*2,N/A,"As Listed:-1 No Change2: HIGH VMI4: Low VMI",N/A,"Velocity MeasurementIncrement value"
