Hail Index,59,1,
"Tornado VortexSignature",61,1,
"Layer CompositeReflectivity - APremoved",67,1,
Radar Coded Message,74,1,
"Surface RainfallAccumulation (1 hr)",78,1,
"Surface RainfallAccumulation (3 hr)",79,1,
"Storm Total RainfallAccumulation",80,1,
"Hourly DigitalPrecipitation Array",81,2,
"SupplementalPrecipitation Data",82,1,
"Digital Hybrid ScanReflectivity",32,2,
High Resolution VIL,134,1,
Digital Storm Total,138,2,
"Digital MesocycloneDetection",149,1,
Mesocyclone Detection,141,1,
"HydrometeorClassification","164, 165",1,"Version 1, added in Build 17, has the additionalclassifications of large (LH) and giant (GH) hail."
"Digital Storm TotalAccumulation",172,2,"Version 1 deleted some obsolete parameters andadded new ones to the Supplemental Data portion.Version 2 added one new parameter to theSupplemental Data for the KDP Multiplier forRain/Hail and three new parameters for the SpecificAttenuation Rain Rate  This version (for Build 19)also added tabular alphanumeric data."
