FIELDNAME,TYPE,UNITS,RANGE,"PRECISION/ACCURACY",REMARKS
Block Divider,INT*2,N/A,-1,N/A,"Integer value of -1 used to delineate theProduct Description from the ProductSymbology Block"
Block ID,INT*2,N/A,1,N/A,"Constant value of 1 which identifiesthis block"
Length of Block,INT*4,Bytes,1 to 400000,1,"Length of block in bytes (includespreceding divider and block id)"
"Number ofLayers",INT*2,N/A,1 to 18,1,"Number of data layers contained in thisblock (see Note 6)"
Layer Divider,INT*2,N/A,-1,N/A,"Integer value of -1 used to delineate onedata layer from another"
"Length of DataLayer",INT*4,N/A,1 to 400000,1,"Length of data layer (in bytes) notincluding layer divider and length field"
"Display DataPackets",N/A,N/A,N/A,N/A,See Figures 3-7 through 3-14
