"",,,,,Bit 7=1,Product Storage Loadshed
"",,,,,Bit 6=1,Spare
"",,,,,Bit 5=1,Spare
"",,,,,Bit 4=1,Backup Comms
"",,,,,Bit 3=1,"RPG/RPG Intercomputer LinkFailure"
"",,,,,Bit 2=1,Redundant Channel Error
"",,,,,Bit 1=1,Task Failure
"",,,,,Bit 0=1,Media Failure
"",,,,,,
41,RPG Status,Integer,N/A,"0,1/Bit",Bit 15=LSB,Where:
"",,,,,Bit 15=1,Restart
"",,,,,Bit 14=1,Operate
"",,,,,Bit 13=1,Standby
"",,,,,Bit 12=1,Spare
"",,,,,Bit 11,Spares
"",,,,,,
"",,,,,,
42,"RPGNarrowbandStatus",Integer,N/A,"0,1/Bit",Bit 15=LSB,Where:
"",,,,,Bit 15=1,Commanded Disconnect
"",,,,,Bit 14=1,Narrowband Loadshed
"",,,,,Bit 13-0,Spares
"",,,,,,
43,"HorizontalChannelReflectivityCalibrationCorrection","FixedPoint,ScaledInteger",dB/4,"-792 to+792 (-198 dB to+198 dB)",".25/1","Reflectivity CalibrationCorrection (difference fromadaptation data)"
"",,,,,,
44,"ProductAvailability",Integer,N/A,"0,1/Bit",Bit 15=LSB,Where:
"",,,,,Bit 15=1,Product Availability
"",,,,,Bit 14=1,Degraded Availability
"",,,,,Bit 13=1,Not Available
"",,,,,,
45,"Super ResolutionElevation Cuts",Integer,N/A,"0,1/Bit","Bit 15 = LSBBit 15 = Elev 1","Bit field indicating whichelevation cuts have superresolution enabled."
"",,,,,,
46,"ClutterMitigationDecision Status",Integer,N/A,"0,1/Bit",Bit 15 = LSB,Where:
"",,,,,Bit 15 = 0,Disabled
"",,,,,Bit 15 = 1,Enabled
