FIELDNAME,TYPE,UNITS,RANGE,"PRECISION/ACCURACY",REMARKS
Packet Code,INT*2,N/A,7,N/A,Packet Type 7
Length of Block,INT*2,Bytes,1 to 32767,1,"Number of bytes inblock not including selfor packet code"
Begin I Vector 1,INT*2,Km/4 or Pixels,-2048 to +2047,1,"I coordinate for vectorstarting point 1"
Begin J Vector 1,INT*2,Km/4 or Pixels,-2048 to +2047,1,"J coordinate for vectorstarting point 1"
End 1 Vector 1,INT*2,Km/4 or Pixels,-2048 to +2047,1,"I coordinate for vectorend point 1"
End J Vector 1,INT*2,Km/4 or Pixels,-2048 to +2047,1,"J coordinate for vectorend point 1"
