"",,,,,"2820003, Pt1."
"FREE TEXTMESSAGE",Message Text,ASCII,"All ASCIICharacters",N/A,
"SUPPLEMENTALPRECIPITATIONDATA",Radar ID,N/A,0  to  999,N/A,
"",Average Scan Date,N/A,"Months: 1 to 12Days: 1 to 31Years: 0 to 99",N/A,
"",Average Scan Time,N/A,"Hours: 0 to 23Minutes: 0 to 59",N/A,
"","No. Blockage BinsRejected",N/A,0 to 99999,1,
"","No.  Clutter BinsRejected",N/A,0 to 99999,1,
"",No. Bins Smoothed,N/A,0 to 99999,1,
"","Percent Hybrid ScanFilled",%,90.00 to 100.00,0.01,
"","Highest Elev. Angle usedin Hybrid Scan",Deg,0.50 to 19.50,0.01,
"",Hybrid Scan Rain Area,Km**2,0.0 to 999999.9,0.1,
"",Mean-field Bias Estimate,N/A,.01 to 99.99,.01,
"","Effective # Gage-RadarPairs (Sample Size)",N/A,0.00 to 9999.99,.01,
"","Memory Span used inBias Estimate",Hours,.001 to 10**7,.001,
"",Bias Applied Flag,Alphanumeric,Yes or No,N/A,
"","Begin Missing PeriodDate",N/A,"Months: 1 to 12Days: 1 to 31Years: 0 to 99",N/A,
"","Begin Missing PeriodTime",N/A,"Hours: 0 to 23Minutes: 0 to 59",N/A,
"",End Missing Period Date,N/A,"Months: 1 to 12Days: 1 to 31Years: 0 to 99",N/A,
