FIELD NAME TYPE,UNITS,RANGE,,PRECISION/,REMARKS
"",,,,ACCURACY,
Radial Component Type INT*4,N/A,1,,N/A,Radial component type
Description String,N/A,N/A,,N/A,Component Description
Bin Size  REAL*4,Meters,0.0 to 1000.0,,N/A,Range extent of each bin
Range to First Bin REAL*4,Meters,1000.0 to,,N/A,Range to the center of the
"",,460000.0,,,first bin
Number of Component INT*4,N/A,1 to 1000,,N/A,Number of component
Parameters,,,,,parameters
Component Parameter Pointer to,N/A,N/A,,N/A,See Figure E-2
List Structure,,,,,
Number of Radials INT*4,N/A,0 to 800,,N/A,Number of radials in a
"",,,,,radar elevation sweep
Radial Data  Pointer to,N/A,N/A,,N/A,See Figure E-4
Structure,,,,,
"",,,,,
Figure E-3. Radial Component Data Structure (Sheet 2),,,,,
