FIELDNAME TYPE,,UNITS,RANGE,PRECISION/ REMARKS
"",,,,ACCURACY
Packet Code INT*2,,N/A,20,N/A Packet Type (Note 1)
Length of Block INT*2,,Bytes,8 to 32760,1 Number of bytes in block not
"",,,,including self or packet code
I Position INT*2,,Km/4,-2048 to +2047,1 I starting coordinate
J Position INT*2,,Km/4,-2048 to +2047,1 J starting coordinate
Point Feature INT*2,,N/A,"1 to 4, 5 to 8, 9-11",1 1 = mesocyclone (extrapolated)
Type,,,,"3 = mesocyclone (persistent, new, or"
"",,,,increasing)
"",,,,5 = TVS (extrapolated)
"",,,,6 = ETVS (extrapolated)
"",,,,"7 = TVS (persistent, new, or"
"",,,,increasing)
"",,,,"8 = ETVS (persistent, new, or"
"",,,,increasing)
"",,,,9 = MDA Circulation with Strength
"",,,,Rank >= 5 AND with a Base Height
"",,,,<= 1 km ARL or with its Base on the
"",,,,lowest elevation angle.
"",,,,10 = MDA Circulation with Strength
"",,,,Rank >= 5 AND with a Base Height >
"",,,,1 km ARL AND that Base is not on
"",,,,the lowest elevation angle.
"",,,,11 = MDA Circulation with Strength
"",,,,Rank < 5
Point Feature INT*2,,Type,"Type dependent,","Type For feature types 1-4, 9, 10, 11,"
Attribute,,depende,see remarks.,"dependent, see radius in km/4"
"",,"nt, see",,remarks.
"",,remarks.,,
