Digital Accum Array 170,,51,Compression Method,N/A,0 or 1,"N/A, Note"
"",,,,,,23
Digital Accum Array 170,,52,Size of uncompressed product (MSW),Bytes,284 to 335096,1 byte
Digital Accum Array 170,,53,Size of uncompressed product (LSW),Bytes,,1 byte
Digital Storm Total Accum 172,,27,Start Date of Accumulation,Julian Date,1 to 32767,1
Digital Storm Total Accum 172,,28,Start Time of Accumulation,Minutes,0 to 1439,1
Digital Storm Total Accum 172,,30,Null Product Flag,N/A,0 to 5,"1, Note 9,"
"",,,,,,Note 19
Digital Storm Total Accum 172,,47,Max Accum,Inches,0 to 100.00,".1 , Note 24"
Digital Storm Total Accum 172,,48,Ending Date of Accumulation,Julian Date,1 to 32767,1
Digital Storm Total Accum 172,,49,Ending Time of Accumulation,Minutes,0 to 1439,1
Digital Storm Total Accum 172,,50,Mean-field Bias,N/A,0.0 to 99.99,".01, Note 1,"
"",,,,,,Note 18
Digital Storm Total Accum 172,,51,Compression Method,N/A,0 or 1,"N/A, Note"
"",,,,,,23
Digital Storm Total Accum 172,,52,Size of uncompressed product (MSW),Bytes,916 to 355096,1 byte
Digital Storm Total Accum 172,,53,Size of uncompressed product (LSW),Bytes,,1 byte
Digital User Selectable  173,,27,End Time,Minutes,0 to 1439,1
Accum,,,,,,
Digital User Selectable  173,,28,Time Span Minutes,Minutes,15 to 1440,1
Accum,,,,,,
Digital User Selectable  173,,30,Missing Period Flag (high byte) & Null,N/A,"0 or 1 in the high byte; 0,","1, Note 19,"
Accum,,,Product Flag (low byte),,2 or 3 in the low byte,Note 21
Digital User Selectable  173,,47,Max Accum,Inches,0.0 to 327.6,".1, Note 1"
Accum,,,,,,
Digital User Selectable  173,,48,End Date,Julian Date,1 to 32767,1
Accum,,,,,,
Digital User Selectable  173,,49,Start Time,Minutes,0 to 1439,1
Accum,,,,,,
Digital User Selectable  173,,50,Mean-field Bias,N/A,0.01 to 99.99,".01, Note 1,"
Accum,,,,,,Note 18
Digital User Selectable Accum 173,,51,Compression Method,N/A,0 or 1,"N/A, Note"
"",,,,,,23
Digital User Selectable Accum 173,,52,Size of uncompressed product (MSW),Bytes,296 to 335096,1 byte
Digital User Selectable Accum 173,,53,Size of uncompressed product (LSW),Bytes,,1 byte
