Product,Code,Physical Scale,,Offset Maximum,,Leading Flags,Trailing
Name,,"Units (hw31, 32)",,"(hw33,34) Data",,(hw37),Flags
"",,,,Value,,,(hw38)
"",,,,(hw36),,,
Differential,159,dB 16.0,,128.0 255,,2; 0 = below,0
Reflectivity,,,,,,threshold,
"",,,,,,1 = range folded,
Correlation,161,Unitless 300.0,,-60.5 255,,2; 0 = below,0
Coefficient,,,,,,threshold,
"",,,,,,1 = range folded,
Specific,163,Deg/km 20.0,,43.0 243,,2; 0 = below,0
Differential,,,,,,threshold,
Phase,,,,,,1 = range folded,
Super Res,167,Unitless 300.0,,-60.5 255,,2; 0=below,0
Digital,,,,,,threshold,
Correlation,,,,,,1=range folded,
Coefficient,,,,,,,
Super Res,168,Unitless 0.702777,,2.0 255,,2; 0 = below,0
Digital Phi,,,,,,threshold,
"",,,,,,1 = range folded,
Digital Accum,170,0.01 inches Note A,,Note A 255,,1; 0 =,0
Array,,,,,,NO_DATA,
