FIELDNAME,TYPE,UNITS,RANGE,"PRECISION/ACCURACY",REMARKS
Packet Code,INT*2,N/A,28 or 29,N/A,Packet Type 28 or Packet Type 29
Reserved,INT*2,N/A,0,N/A,See Note 1
"Length ofSerialized Data(MSHW)",INT*2,Bytes,"0 to maximum2-byte integervalue",1,"Number of bytes to follow in this packet(most significant halfword)."
"Length ofSerialized Data(LSHW)",INT*2,Bytes,"0 to maximum2-byte integervalue",1,"Number of bytes to follow in this packet(least significant halfword)."
Serialized Data,N/A,N/A,N/A,N/A,"Serialized data returned from GenericData Packet serializing function. SeeNote 2."
