"HALFWORD",FIELDNAME,TYPE,UNITS,RANGE,"PRECISION/ACCURACY",REMARKS
10,Block Divider,INT*2,N/A,-1,N/A,"Value of -1 used to delineate theHeader from the ProductDescription Block(s)"
11,Length of Block,INT*2,N/A,32,1,"Number of bytes in block,including block divider, in theProduct Description Block"
12,Product Code,INT*2,N/A,16 to 2000,N/A,"Internal NEXRAD product codecorresponding to a weatherproduct in Table I"
13,Flag Bits,INT*2,N/A,"0,1/bit",N/A,"Bit # Value   Meaning0     1       High Priority0     0          Low  Priority1     1      Map Requested(Bit 0=MSB)"
14,"SequenceNumber",INT*2,N/A,"1 to 32,767",1,"Monotonically increase fortracking of request"
15,"Number ofProducts",INT*2,N/A,"-1, 1 to 9",1,"-1 for continuous (RPS) producttransmission. 1 to 9 for one-timerequests, when Volume ScanStart Time of Product(halfwords 18, 19) is = -1(equivalent to PUP RepeatCount).NOTE: For RPS requests, thenumber of products requested isdetermined from the Number ofBlocks fields of the MessageHeader."
16,Request Interval,INT*2,N/A,1 to 9,1,"If Volume Scan Start Time ofProduct is >=0 or -2, thenRequest Interval is 1. If Volume"
