"",,,,,Bits 14-10,"Bit field indicating whichelevation segments have ClutterMitigation Decision enabled."
"",,,,,,
47,"Vertical ChannelReflectivityCalibrationCorrection","FixedPoint,ScaledInteger",dB/4,"-792 to +792(-198 dBto + 198dB)",.25/1,"Reflectivity CalibrationCorrection (difference fromadaptation data)"
"",,,,,,
48,"RDA BuildNumber","FixedPoint,ScaledInteger",N/A,"0 to 999,Note 2",N/A,"RDA major and minor buildversion information"
"",,,,,,
49,"RDA ChannelNumber",Integer,N/A,"0,1,2",N/A,"0 = NWS single thread1 = RDA 12 = RDA 2for NWS redundant or FAAredundant"
"",,,,,,
50-51,Reserved,,,,,"Halfword 50 & 51 are applicableto dial-up (Class II, Class IV, andClass V [RFC]) user only"
"",,,,,,
52,Build Version,"ScaledInteger",N/A,"10 to32767",,RPG Build Version
53,Elevation 21,"ScaledInteger",Degrees,"-1.0 to+45.0",.1,Elevation angle for elevation 21.
57,Elevation 25,,,,,"Elevation angle for elevation 25.NOTE: If number of elevationcuts N is less than 25, thenelevations N+1 through 25 arezeros"
58,"VCPSupplementalData",Integer,N/A,"0,1/Bit",Bit 15 = LSB,Where:
"",,,,,Bit 15 = 1,AVSET Enabled
"",,,,,Bit 14=1,SAILS Enabled VCP in use
"",,,,,Bit 13 =1,Site-Specific VCP in use
"",,,,,Bit 12 = 1,"Radial by Radial Noise (RxRN)Enabled"
"",,,,,Bit 11 = 1,"Coherency Based Theresholding(CBT) Enabled"
"",,,,,Bit 10 = 1,VCP Sequence in use
"",,,,,Bit 9 = 1,SPRT VCP in use
"",,,,,Bit 8 = 1,MRLE Enabled VCP in use
"",,,,,Bit 7 = 1,Base Tilt Enabled VCP in use
"",,,,,Bit 6 = 1,MPDA VCP in use
"",,,,,Bit 5 = 0,HIGH Resolution VMI
