FIELDNAME TYPE,UNITS,RANGE PRECISION/,,,REMARKS
"",,ACCURACY,,,
Packet Code INT*2,N/A,21 N/A,,,Packet Type 21
Length of Block INT*2,Bytes,12 to 198 1,,,Number of bytes to follow in this
"",,,,,packet
Cell ID C1 8 bit ASCII N/A,,A to Z N/A,,,First character of cell ID
Cell ID C2 8 bit ASCII N/A,,0 to 9 N/A,,,Second character of cell ID
I Position INT*2,Km/8,-4096 to +4095 1,,,Cell I coordinate at latest Volume
"",,,,,Scan
J Position INT*2,Km/8,-4096 to +4095 1,,,Cell J coordinate at latest Volume
"",,,,,Scan
Trend Code INT*2,N/A,1 to 8 1,,,Indicates trend data type to follow:
"",,,,,1 = cell top
"",,,,,2 = cell base
"",,,,,3 = max. ref. hgt.
"",,,,,4 = prob. hail
"",,,,,5 = prob. svr. hail
"",,,,,6 = cell based VIL
"",,,,,7 = max. ref.
"",,,,,8 = centroid hgt.
"",,,,,
"",,,,,
Figure 3-15. Cell Trend Data Packet - Packet Code 21 (Sheet 1),,,,,
