"",Height of Max Reflectivity,Kft,0 to 70 (71)*,1,() *Value Indicates Data
"",,,,,Not Available
"",Max Reflectivity,,,,
"",Position:,,,,
"",· Azimuth,Degrees,0 to 359,1,
"",· Range,nmi,0 to 124,1,
VELOCITY CROSS,Azimuth,Degrees,0 to 359,1,
SECTION,,,,,
"",Range,nmi,0 to 124,1,
"",Max Velocity,Kts,0 to 245,1,
"",Height of Max,Kft,0 to 70 (71)*,1,( ) * Value Indicates
"",Velocity,,,,data not available
"",Max Velocity Position:,,,,
"",· Azimuth,Degrees,0 to 359,1,
"",· Range,nmi,0 to 124,1,
"",Min Velocity,Kts,-247 to 0,1,
"",Height of Min Velocity,Kft,0 to 70 (71)*,,() *Value Indicates Data
"",,,,,Not Available
"",Min Velocity Position:,,,,
"",,,,,
"",·  Azimuth,Degrees,0 to 359,1,
"",·  Range,nmi,0 to 124,1,
USER SELECTABLE,Status,Alphanumeric,- Product Not,N/A,Status messages will be
PRECIPITATION,,,Generated: Unable,,sent only if error
"",,,To Read Data from,,conditions occur
"",,,Database,,
"",,,- Product Not,,
"",,,Generated: Illegal,,
"",,,Times in Product,,
"",,,Request,,
"",,,- Product Not,,
"",,,Generated:,,
"",,,Insufficient,,
"",,,Accumulation Date,,
"",,,In Hourly Database,,
