TABLE IIA.  PRODUCT DEPENDENT HALFWORD DEFINITIONS FOR PRODUCT
REQUEST MESSAGE
PRODUCT MSG HALFWORD CONTENT UNITS RANGE ACCURACY/
NAME CODE(s) PRECISION
"Base Products, 30, 93, 94, 22 Elevation Angle Degrees -1.0 to 45.0 .1, Note 1, 9"
"ITWS Digital 99, 113, 132,"
"Base Velocity, 133, 193,"
Clutter 195
Likelihood
"(Reflectivity and"
Doppler) Power
Removed Control
Product
"Cross Section 50, 51 20 Azimuth of Degree 0 to 359.9 .1, Note 1,10"
"21 Point 1 Nmi 0 to 124.0 .1, Note 1,10"
"22 Range of Point 1 Degree Same as .1, Note 1,10"
"23 Azimuth of Nmi Point 1 .1, Note 1,10"
Point 2 Same as
"Range of Point 2 Point 1"
"Storm Relative 56 22 Elevation Angle Degree -1.0 to 45.0 .1, Note 1,9"
"Mean Radial 23 Storm Speed Knots 0 to 99.9 .1, Note 1,3"
"Velocity Map 24 Storm Direction Degrees 0 to 359.9 .1, Note 1"
VAD 84 22 Altitude K Feet 0 to 70 1
"User Selectable 31 20 End Hour Hours -1 to 23, 1, Note 6"
Precipitation 21 Time Span Hours 1 to 24 1
"(Note 5)"
