"",,,,,"Scan1 – SAILS Scan2 – MRLE Scan",
"Super Resolution Digital BaseReflectivity",153,51,Compression Method,N/A,0 or 1,1
"Super Resolution Digital BaseReflectivity",153,52,Uncompressed Product Data Size (MSW),Bytes,120 to 1329150,1
"Super Resolution Digital BaseReflectivity",153,53,Uncompressed Product Data Size (LSW),,,
"Super Resolution Digital BaseVelocity",154,30,Elevation Angle,Degree,-1.0 to +45.0,.1
"Super Resolution Digital BaseVelocity",154,47,Max Neg. Velocity,Knots,-247 to 0,1
"Super Resolution Digital BaseVelocity",154,48,Max Pos. Velocity,Knots,0 to 245,1
"Super Resolution Digital BaseVelocity",154,50,Delta Time / Supplemental Scan,"Seconds /N/A","Bits 5-15: (0-800)Bits 0-4:0 – Non SupplementalScan1 – SAILS Scan2 – MRLE Scan","1, Note 24"
"Super Resolution Digital BaseVelocity",154,51,Compression Method,N/A,0 or 1,1
"Super Resolution Digital BaseVelocity",154,52,Uncompressed Product Data Size (MSW),Bytes,120 to 868350,1
"Super Resolution Digital BaseVelocity",154,53,Uncompressed Product Data Size (LSW),,,
"Super Resolution Digital BaseSpectrum Width",155,30,Elevation Angle,Degree,-1.0 to +45.0,.1
"Super Resolution Digital BaseSpectrum Width",155,47,Max Spectrum Width,Knots,0 to 19,1
"Super Resolution Digital BaseSpectrum Width",155,50,Delta Time / Supplemental Scan,"Seconds /N/A","Bits 5-15: (0-800)Bits 0-4:0 – Non SupplementalScan","1, Note 24"
