77,27,PUP Text Message,N/A,N/A,N/A,Alphanumeric
78,28,Surface Rainfall Accum. (1 hr),1.1 x 1 Nmi x Deg,124,16,Radial  Image
79,28,Surface Rainfall Accum. (3 hr),1.1 x 1 Nmi x Deg,124,16,Radial  Image
80,29,Storm Total Rainfall Accumulation,1.1 x 1 Nmi x Deg,124,16,Radial Image
81,30,Hourly Digital Precipitation Array,1/40 LFM,124,256/8,Raster Image / Alphanumeric
82,31,Supplemental Precipitation Data,N/A,N/A,N/A,Alphanumeric
83,,Spare,,,9,
84,12,Velocity Azimuth Display,5 Knots,N/A,8,Non-geographic Alphanumeric
85,,Spare,,,,
86,14,Cross Section Velocity,".54 Horizontalx .27 Vert  Nmi x Nmi",124,8,Raster Image (Velocity)
87,,Spare,,,,
88,,Spare,,,,
89,,Spare,,,,
90,23,Layer Composite Reflectivity,2.2 x 2.2 Nmi x Nmi,124,8 Max,Raster Image - Layer 3 Maximum
91-92,,"Reserved for internal PUP andRPG Use",,,,
93,35,ITWS Digital Base Velocity,.54 x 1 Nmi x Deg,"Lesser of62 Nmi or18Kft AGL",256,Radial Image
94,1,Base Reflectivity Data Array,.54 x 1  Nmi x Deg,248,256,Radial Image
95,,Spare,,,,
96,,Spare,,,,
97,6,"Composite Reflectivity Edited forAP",.54 x .54 Nmi x Nmi,124,16,Raster Image/Non-geographic Alpha
98,6,"Composite Reflectivity Edited forAP",2.2 x 2.2 Nmi x Nmi,248,16,Raster Image/Non-geographic Alpha
99,2,Base Velocity Data Array,.13 x 1 Nmi x Deg,162,256,Radial Image
100,,"Site Adaptable parameters forVAD Wind Profile (Product 48)",,,,
101,,Storm Track Alphanumeric Block,,,,
102,,Hail Index Alphanumeric Block,,,,
103,,Spare,,,,
104,,TVS Alphanumeric Block,,,,
