FIELDNAME,TYPE,UNITS,RANGE,"PRECISION/ACCURACY",REMARKS
Packet Code,INT*2,N/A,10,N/A,Packet Type 10
Length of Block,INT*2,Bytes,1 to 32767,1,"Number of bytes inblock not including selfor packet code"
"Value (Level) ofVector",INT*2,N/A,0 to 15,1,Color Level of Vector
Begin I Vector 1,INT*2,Km/4 or Pixels,-2048 to +2047,1,"I coordinate for vectorstarting point 1"
Begin J Vector 1,INT*2,Km/4 or Pixels,-2048 to +2047,1,"J coordinate for vectorstarting point 1"
End 1 Vector 1,INT*2,Km/4 or Pixels,-2048 to +2047,1,"I coordinate for vectorend point 1"
End J Vector 1,INT*2,Km/4 or Pixels,-2048 to +2047,1,"J coordinate for vectorend point 1"
Begin I Vector 2,INT*2,Km/4 or Pixels,-2048 to +2047,1,"I coordinate for vectorstarting point 2"
Begin J Vector 2,INT*2,Km/4 or Pixels,-2048 to +2047,1,"J coordinate for vectorstarting point 2"
End I Vector 2,INT*2,Km/4 or Pixels,-2048 to +2047,1,"I coordinate for vectorend point 2"
End J Vector 2,INT*2,Km/4 or Pixels,-2048 to +2047,1,"J coordinate for vectorend point 2"
