175,59,"Digital Storm Total DifferenceAccumulation",0.13 Nmi  X 1 Degree,124,256,Radial Image
176,60,"Digital InstantaneousPrecipitation Rate",0.13 Nmi  X 1 Degree,124,65536,Generic Radial Product Format
177,51,Hybrid Hydrometeor Classification,"250 m (0.13 Nmi) X 1Degree",124,256,Radial Image
178,62,Icing Hazard Level,0.54 Nmi X 1 Degree,162,71,Generic Radial Product Format
179,63,Hail Hazard Layers,0.54 Nmi X 1 Degree,162,71,Generic Radial Product Format
180-192,,Reserved for SPG Products,,,,
193,66,"Super Resolution DigitalReflectivity Data-Quality-Edited","0.13 Nmi x 1/2 or 1Deg",248,256,Radial Image
194,,Reserved for SPG Products,,,,
195,61,"Digital Reflectivity, DQA-EditedData Array",0.54 Nmi x 1 Deg,248,256,Radial Image
196,64,Microburst AMDA,NA,27,NA,Generic Data Format
197,,Rain Rate Classification,"250 m (0.13 Nmi) X 1Degree",124,256,Radial Image
198-199,,Reserved for Future Products,,,,
200-201,,Reserved for Future Products,,,,
202,,Shift Change Checklist,,,,Generic Data Format
203-210,,Reserved for Future Products,,,,
211-220,,Reserved for Future Products,,,,
221-230,,Reserved for Future Products,,,,
231-240,,Reserved for Future Products,,,,
241-250,,Reserved for Future Products,,,,
251-260,,Reserved for Future Products,,,,
261-270,,Reserved for Future Products,,,,
271-280,,Reserved for Future Products,,,,
281-290,,Reserved for Future Products,,,,
291-296,,Reserved for Internal RPG Use.,,,,
297-299,,Reserved for Internal RPG use,,,,
