FIELD NAME TYPE,UNITS,RANGE,,PRECISION/,REMARKS
"",,,,ACCURACY,
Grid Component Type INT*4,N/A,2,,N/A,Grid component type
Number of Dimensions INT*4,N/A,1 to 4,,N/A,Number of grid dimensions
Dimensions Pointer to,N/A,N/A,,N/A,"Grid dimensions, ordered"
INT*4,,,,,from fastest changing to
"",,,,,slowest.
Grid Type INT*4,N/A,1 to 4,,N/A,"1=Array,"
"",,,,,"2=Equally spaced,"
"",,,,,"3=Lat/Lon,"
"",,,,,4=Polar
Number of Component INT*4,N/A,1 to 1000,,N/A,Number of component
Parameters,,,,,parameters
Component Parameter Pointer to,N/A,N/A,,N/A,See Figure E-2.  See Note 1.
List Structure,,,,,
Grid Data Structure,N/A,N/A,,N/A,See Figure E-11.
"",,,,,
Figure E-5. Grid Component Data Structure (Sheet 2),,,,,
