"",Starting Time,"Hours andMinutes UTC","Hours: 0 to 23Minutes 0 to 59",N/A,
"",Ending Date,"Month/Day/Year","Months: 1 to 12Days: 1 to 31Years: 00 to 99",N/A,
"",Ending Time,"Hours andMinutes UTC","Hours: 0 to 23Minutes 0 to 59",N/A,
"","Maximum SnowAccumulation",Inches,0 to 10**7,"0.01 for SnowWaterEquivalentand 0.1 forSnow Depth",
"",Azimuth of Maximum Value,Degrees,0 to 359,1,
"",Range to Maximum Value,Nmi,0 to 124,1,
"","Range/height CorrectionApplied",N/A,"“Static” or “UsedRCA”",,
"","Site Adaptable Parametersand ConfigurationParameters",N/A,N/A,N/A,Page 2
"STORM TOTALACCUMULATION",Radar ID,N/A,4-digit alpha,N/A,Radar ICAO
"",Volume Scan Date,N/A,"Months:1 to 12Days: 1 to 31Years: 0 to 99",N/A,
"",Volume Scan Time,N/A,"Hours: 0 to 23Minutes: 0 to 59",N/A,
"",Volume Coverage Pattern,N/A,1 to 1000,1,
"",Operational (Weather) Mode,N/A,"A, B, or M",N/A,
"",Gage Bias Applied,N/A,Yes or No,N/A,Note 4
"","Mean of Bias EstimatesComputed DuringAccumulation Period",N/A,0.01 to 99.99,0.01,Note 4
"","Mean of G-R Pair SampleSizes used in Bias EstimatesDuring Accumulation Period",N/A,0.00 to 9999.99,0.01,Note 4
