"",,,,,Scan Start Time of Product is =
"",,,,,"-1, then the range is 1 to 9 and"
"",,,,,corresponds to the interval of
"",,,,,the number of scans to send the
"",,,,,"product, where:"
"",,,,,1 = every volume scan
"",,,,,2 = every other volume scan
"",,,,,.
"",,,,,.
"",,,,,.
"",,,,,9 = every ninth volume scan
17 Volume Scan,INT*2,Julian,"0 to 32,767 1",,Modified Julian date at
Date of Product*,,Date,,,beginning of volume scan
18-19 Volume Scan,INT*4,Seconds,-2 to,1,Seconds after Midnight
Start Time of,,,"86,399",,(Greenwich Mean Time)** or
Product*,,,,,-1 requests current product
"",,,,,-2 requests latest available
"",,,,,product**
20-25 Product,INT*2,N/A,N/A,N/A,See Table II-A
Dependent,,,,,
"",,,,,
Figure 3-4. Product Request Message (Sheet 2),,,,,
