"","Effective No. G-R Pairs(Sample Sizes)",N/A,0.00 to 9999.99,0.01,Note 2
"","Memory Spans used in BiasEstimates",Hours,0.001 to 10**7,0.001,Note 2
"",Most Recent Bias Source,N/A,N/A,N/A,"AWIPS Site ID of location providingbias (WFO or RFC)"
"",Scan Type,N/A,"1 = Ends at ClockHour2 = Ends at GageTime3 = Both",N/A,Note 2
"STORM TOTALRAINFALLACCUMULATION","Mean of Bias EstimatesComputed DuringAccumulation Period",N/A,0.01 to 99.99,0.01,
"","Mean of G-R Pair SampleSizes used in Bias EstimatesDuring Accumulation Period",N/A,0.00 to 9999.99,0.01,
"","Mean of Memory Spans usedin Bias Estimates DuringAccumulation Period",Hours,0.001 to 10**7,0.001,
"",Most Recent Bias Source,N/A,N/A,N/A,"AWIPS Site ID of location providingbias (WFO or RFC)"
"",Site Adaptable Parameters,See Remarks,See Remarks,See Remarks,"TBDInformation is only provided if theproduct is not labeled 'BAD SCAN'."
"CLUTTERLIKELIHOODREFLECTIVITY",Site Adaptable Parameters,See Remarks,See Remarks,See Remarks,TBD
"CLUTTERLIKELIHOODDOPPLER",Site Adaptable Parameters,See Remarks,See Remarks,See Remarks,TBD
"MESOCYCLONEDETECTION",Radar ID,N/A,0 to 999,1,Note 5.
"",Volume Scan Start Date,N/A,Months: 1 to 12,N/A,
