30,PRODUCT DEPENDENT (P3),(SEE TABLE V),
31,DATA LEVEL 1 THRESHOLD,(SEE NOTE 1),
32,DATA LEVEL 2 THRESHOLD,,
33,DATA LEVEL 3 THRESHOLD,,
34,DATA LEVEL 4 THRESHOLD,,
35,DATA LEVEL 5 THRESHOLD,,
36,DATA LEVEL 6 THRESHOLD,,
37,DATA LEVEL 7 THRESHOLD,,
38,DATA LEVEL 8 THRESHOLD,,
39,DATA LEVEL 9 THRESHOLD,,
40,DATA LEVEL 10 THRESHOLD,,
41,DATA LEVEL 11 THRESHOLD,,
42,DATA LEVEL 12 THRESHOLD,,
43,DATA LEVEL 13 THRESHOLD,,
44,DATA LEVEL 14 THRESHOLD,,
45,DATA LEVEL 15 THRESHOLD,,
46,DATA LEVEL 16 THRESHOLD,,
47,PRODUCT DEPENDENT (P4),"(SEE TABLE V, NOTE 3)",
48,PRODUCT DEPENDENT (P5),,
49,PRODUCT DEPENDENT (P6),,
50,PRODUCT DEPENDENT (P7),,
51,PRODUCT DEPENDENT (P8),,
52,PRODUCT DEPENDENT (P9),,
53,PRODUCT DEPENDENT (P10),,
54,VERSION,SPOT BLANK,
55,OFFSET TO SYMBOLOGY  (MSW),,
56,OFFSET TO SYMBOLOGY  (LSW),,
57,OFFSET TO GRAPHIC  (MSW),,
58,OFFSET TO GRAPHIC  (LSW),,
59,OFFSET TO TABULAR  (MSW),,
60,OFFSET TO TABULAR  (LSW),,
