FIELDNAME,TYPE,UNITS,RANGE,"PRECISION/ACCURACY",REMARKS
Packet Code,INT*2,N/A,4,N/A,Packet Type 4
Length of Block,INT*2,Bytes,1 to 32767,1,"Number of bytes in block notincluding self or packet code"
Value,INT*2,N/A,1 to 5,1,"Color level of wind barb (reflectsthe RMS value associated with thecomputed velocity)"
X Coordinate,INT*2,Km/4 or Pixels,"-2048 to+2047",1,Coordinate where the value starts
Y Coordinate,INT*2,Km/4 or Pixels,"-2048 to+2047",1,Coordinate where the value starts
Direction of Wind,INT*2,Degrees,0 to 359,1,Points into wind
Wind Speed,INT*2,Knots,0 to 195,1,Magnitude of wind
