HALF,FIELDNAME,TYPE,UNITS,RANGE,PRECISION/,REMARKS
WORD,,,,,ACCURACY,
61,Block Divider,INT*2,N/A,-1,N/A,"Integer -1, Block Divider"
62,Map ID,INT*2,N/A,132 to 198,1,Message code for
"",,,,,,appropriate map from
"",,,,,,Table II
63,Data Format,INT*2,N/A,1,N/A,Integer 1 for RAMTEK
"",,,,,,format
64,Number of Data,INT*2,N/A,"1, 17",1,Integer number of map
"",Pieces,,,,,segments; 1 = low
"",,,,,,"resolution, 17 = high and"
"",,,,,,low resolution
65-66,Total Byte Count,INT*4,Bytes,1 to 409600,1,Number of bytes in data
"",,,,,,pieces
67,Map Piece 1,INT*2,N/A,1 to 32767,1,Map file sector number
"",Location,,,,,on RPG disk; offset from
"",,,,,,the beginning of map file
