"",,,"Days: 1 to 31Years: 0 to 99",,
"",Volume Scan Start Time,N/A,"Hours: 0 to 23Minutes: 0 to 59Seconds: 0 to 59",N/A,
"","Average Motion:DirectionSpeed","DegreesKts","0 to 3600 to 129","11","Average of all MDA detectedcirculations regardless of whetherthey meet minimum displaythresholds."
"",Circulation ID,N/A,0 through 999,N/A,"The sequence is recycled following999"
"","Position:AzimuthRange","Degreesnmi","0 to 3600 to 124","11",Base 2D feature component
"",Strength Rank,N/A,1 to 25,1,"If the strength rank was computed bythe Low-Top or Shallow method, an Lor S will also be displayed."
"",Associated SCIT Storm ID,N/A,"A0 through Z0,then A1 through Z1,then A2...Z9",N/A,Closest SCIT identified storm cell ID.
"","Low Level (base) RotationalVelocity",Kts,0 to 129,1,
"","Low Level (base) Gate-to-GateVelocity Difference",Kts,0 to 129,1,
"",Base Height (ARL),Kft,0 to 33,1,"If the Base is on the lowest elevationscan or below 1km,  then the height ispreceded by a ""<"" in the display."
"",Depth,Kft,0 to 33,1,"If the Base is on the lowest elevationscan or below 1km, then the Depth ispreceded by a "">"" in the display."
"","Storm Relative DepthPercentage",Percent,0 to 100,1,"Based on the average depth of the tenSCIT identified storm cells havingthe highest cell based VIL."
"",Maximum Rotational Velocity,Kts,0 to 129,1,
