HALF,,,,PRECISION/,
WORD FIELDNAME TYPE,,UNITS,RANGE,ACCURACY,REMARKS
01 Message Code INT*2,,N/A,"-131 to -16,",N/A,NEXRAD Message Code
"",,,0 to +211,,defined in Table II
02 Date of Message INT*2,,Julian,"1 to 32,767",1,Modified Julian Date at time
"",,Date,,,of transmission (number of
"",,,,,"days since 1 January 1970,"
"",,,,,where 1=1 January 1970). To
"",,,,,"obtain actual Julian Date, add"
"",,,,,"2,440,586.5 to the modified"
"",,,,,date
03-04 Time of Message INT*4,,Seconds,"0 to 86,399",1,Number of seconds after
"",,,,,"midnight, Greenwich Mean"
"",,,,,Time (GMT).
05-06 Length of INT*4,,N/A,18 to,1,Number of bytes in message
Message,,,1329270,,including header
07 Source ID INT*2,,N/A,0 to 999,1,Source (originators') ID of the
"",,,,,sender
08 Destination ID INT*2,,N/A,0 to 999,1,Destination ID (receivers') for
"",,,,,message transmission
09 Number Blocks INT*2,,N/A,1 to 51,1,Header Block plus the
"",,,,,Product Description Blocks in
"",,,,,message
"",,,,,
Figure 3-3. Message Header,,,,,
