FIELD NAME TYPE,UNITS,RANGE,PRECISION/,,REMARKS
"",,,ACCURACY,,
Azimuth REAL*4,Degrees,0.0 to 360.0,N/A,,Azimuth of the leading edge of
"",,,,,the radial
Elevation REAL*4,Degrees,-1.0 to +45.0,N/A,,Elevation angle of the radial
Width REAL*4,Degrees,0.0 to 2.0,N/A,,Radial width or separation
Number of Bins REAL*4,Degrees,0 to 1840,N/A,,Number of data values along a
"",,,,,radial
Bin Values Structure,N/A,N/A,N/A,,See Figure E-11
"",,,,,
Figure E-4. Radial Information Data Structure (Sheet 2),,,,,
