"","Mean of Memory Spans usedin Bias Estimates DuringAccumulation Period",Hours,0.001 to 10**7,0.001,Note 4
"",Date/Time Last Bias Update,N/A,"Months:1 to 12Days: 1 to 31Years: 0 to 99Hours: 0 to 23Minutes: 0 to 59",N/A,Note 4
"","Hybrid Rate Percent BinsFilled",Percentage,0.00 - 100.00,0.01,
"",Highest Elev. Used,Degrees,0.5 - 19.5,0.1,
"",Total Rain Area (Km**2),km2,"0.0 - 169,190.0",0.1,
"",Site Adaptable Parameters,See Remarks,See Remarks,See Remarks,Information is always provided.
