Spare INT*2,N/A,N/A,N/A,Spare (reserved for future
"",,,,compression type)
Spare INT*4,N/A,N/A,N/A,Spare (reserved for future
"",,,,decompressed size)
Number of INT*4,N/A,0 to 1000,N/A,Number of product specific
Parameters,,,,parameters
Parameter Pointer,N/A,N/A,N/A,See Note 2
List to,,,,
Structur,,,,
e,,,,
Number of INT*4,N/A,0 to 1000,N/A,Number of product specific
Components,,,,components
Component Pointer,N/A,N/A,N/A,See Note 3
List to,,,,
Structur,,,,
e,,,,
"",,,,
Figure E-1b. External Data Description Data Structure (Sheet 2),,,,
