"Digital InstantaneousPrecipitation Rate",176,51,Compression Method,N/A,0 or 1,"N/A, Note23"
"Digital InstantaneousPrecipitation Rate",176,52,Size of uncompressed product (MSW),Bytes,1627 to 662496,1 byte
"Digital InstantaneousPrecipitation Rate",176,53,Size of uncompressed product (LSW),Bytes,,1 byte
"Hybrid HydrometeorClassification",177,47,Mode Filter Size,N/A,1 to 15,1
"Hybrid HydrometeorClassification",177,48,Hybrid Rate Percent Bins Filled,Percent,0.01 - 100.00,".01%, Note1"
"Hybrid HydrometeorClassification",177,49,Highest Elev. Used,Degrees,0.5 - 19.5,"0.1°, Note 1"
"Hybrid HydrometeorClassification",177,51,Compression Method,N/A,0 or 1,"N/A, Note23"
"Hybrid HydrometeorClassification",177,52,Size of uncompressed product (MSW),Bytes,120 to 500000,1 byte
"Hybrid HydrometeorClassification",177,53,Size of uncompressed product (LSW),Bytes,,1 byte
Rain Rate Classification,197,47,Mode Filter Size,N/A,1 to 15,1
Rain Rate Classification,197,48,Rain Rate Percent Bins Filled,Percent,0.01     100.00,".01%, Note1"
Rain Rate Classification,197,49,Highest Elev. Used,Degrees,0.5 - 19.5,".01%, Note1"
Rain Rate Classification,197,50,Multiplier for Dry Snow above the ML,N/A,1.0 to 2.8,0.1
Rain Rate Classification,197,51,Compression Method,N/A,0or 1,"N/A, Note23"
Rain Rate Classification,197,52,Size of uncompressed product (MSW),Bytes,120 to 500000,1 byte
Rain Rate Classification,197,53,Size of uncompressed product (LSW),Bytes,,1 byte
