Figure 3-6.  Graphic Product Message (Sheet 7),
PRODUCT SYMBOLOGY BLOCK,
PRECISION/,
FIELDNAME TYPE UNITS RANGE ACCURACY,REMARKS
Block Divider INT*2 N/A -1 N/A,Integer value of -1 used to delineate the
"",Product Description from the Product
"",Symbology Block
Block ID INT*2 N/A 1 N/A,Constant value of 1 which identifies
"",this block
Length of Block INT*4 Bytes 1 to 400000 1,Length of block in bytes (includes
"",preceding divider and block id)
Number of INT*2 N/A 1 to 18 1,Number of data layers contained in this
Layers,block (see Note 6)
Layer Divider INT*2 N/A -1 N/A,Integer value of -1 used to delineate one
"",data layer from another
Length of Data INT*4 N/A 1 to 400000 1,Length of data layer (in bytes) not
Layer,including layer divider and length field
Display Data N/A N/A N/A N/A,See Figures 3-7 through 3-14
Packets,
