FIELDNAME,TYPE,UNITS,RANGE,"PRECISION/ACCURACY",REMARKS
Packet Code,INT*2,N/A,2,N/A,Packet Type 2
Length of Block,INT*2,Bytes,1 to 32767,1,"Number of bytes inblock not including selfor packet code"
I Starting Point,INT*2,Km/4 or Pixels,-2048 to +2047,1,"I coordinate for specialsymbol starting point(Note 1)"
J Starting Point,INT*2,Km/4 or Pixels,-2048 to +2047,1,"J coordinate for specialsymbol starting point(Note 1)"
Character 1 to N,Char,"8 bitASCII","ASCIICharacter Set",N/A,Characters are ASCII
