"HALFWORD",FIELDNAME,TYPE,UNITS,RANGE,"PRECISION/ACCURACY",REMARKS
10,Block Divider,INT*2,N/A,-1,N/A,"Integer value of -1 used todelineate the header from theProduct Description Block"
11 - 12,"Latitude ofRadar",INT*4,Degrees,-90 to +90,0.001,"North (+) or South (-) of theEquator"
13 - 14,"Longitude ofRadar",INT*4,Degrees,-180 to +180,0.001,"East (+) or West (-) of the PrimeMeridian"
15,"Height ofRadar",INT*2,Feet,"-100 to+11000",1,Feet above mean sea level
16,Product Code,INT*2,N/A,"16 to 299,-16 to -299",N/A,"Internal NEXRAD product codeof weather product beingtransmitted (Refer to Table III)"
17,"OperationalMode",INT*2,N/A,0 to 2,N/A,"0 = Maintenance1 = Clean Air2 = Precipitation/SevereWeather"
18,"VolumeCoveragePattern",INT*2,N/A,1 to 767,1,"RDA volume coverage pattern forthe scan strategy being used"
19,"SequenceNumber",INT*2,N/A,"-13,0 to 32767",1,"Sequence number of the requestthat generated the product(Refer to Figure 3-4). For"
