"",,,,,"1 – SAILS Scan2 – MRLE Scan",
"Super Resolution Digital BaseSpectrum Width",155,51,Compression Method,N/A,0 or 1,1
"Super Resolution Digital BaseSpectrum Width",155,52,Uncompressed Product Data Size (MSW),Bytes,120 to 868350,1
"Super Resolution Digital BaseSpectrum Width",155,53,Uncompressed Product Data Size (LSW),,,
Surface Rainfall Accum,78 & 79,47,Max Rainfall,Inches,0.0 to 189.0,".1,  Note 1"
Surface Rainfall Accum,78 & 79,48,Mean-field Bias,N/A,0.01 to 99.99,".01,  Note 1"
Surface Rainfall Accum,78 & 79,49,Effective No. G-R Pairs (Sample Size),N/A,0.00 to 99.99,".01,  Note 1"
Surface Rainfall Accum,78 & 79,50,Rainfall End Date,Julian Date,1 to 32767,1
Surface Rainfall Accum,78 & 79,51,Rainfall End Time,Minutes,0 to 1439,1
TVS,61,47,Total Number of TVS,N/A,-25 to 25,"1, Note 5"
TVS,61,48,Total Number of ETVS,N/A,-25 to 25,"1, Note 5"
"Tornado Vortex SignatureRapid Update",143,30,Elevation angle,degree,-1.0 to +45.0,.1
"Tornado Vortex SignatureRapid Update",143,47,Total Number of TVS,N/A,-25 to 25,"1, Note 5"
"Tornado Vortex SignatureRapid Update",143,48,Total Number of ETVS,N/A,-25 to 25,"1, Note 5"
"Tornado Vortex SignatureRapid Update",143,50,Delta Time / Supplemental Scan,"Seconds /N/A","Bits 5-15: (0-800)Bits 0-4:0 – Non SupplementalScan1 – SAILS Scan2 – MRLE Scan","1, Note 24"
"User Selectable LayerComposite Reflectivity",137,27,Requested Bottom Altitude of Layer,K Feet,0 to 69,1
"User Selectable CompositeReflectivity",137,28,Requested Top Altitude of Layer,K Feet,1 to 70,1
"User Selectable LayerComposite Reflectivity",137,47,Max Reflectivity,dBZ,-32 to 95,1
"User Selectable CompositeReflectivity",137,48,"Actual bottom Altitude of Layer(adjusted to correct request errors).",K Feet,0 to 69,1
