TABLE VI.  PRODUCT DEPENDENT DEFINITION FOR PRODUCT SYMBOLOGY BLOCK,
PRODUCT NAME CONTENT UNITS RANGE,ACCURACY /  REMARKS
"",PRECISION
VAD WIND PROFILE Altitude Kft 1 to 70,1
Volume Scan Start Time N/A Hours:  00 to 23 Minutes:,1
00 to 59,
"VELOCITY AZIMUTH Velocity Kts +/-200, +/-100, +/-80, +/-60,",1
DISPLAY +/-40,
Azimuth Degrees 1 to 360,1
Best Fit Function in,
the form,
"",
"",
A1+ VSIN(AZ + ) Kts -39 to 39,1
Where:,
A = Harmonic,
Coefficient (Fourier #1),
"",
V = SQRT[CF22+CF32},
Kts 0 to +247,1
with CF2 and CF3 corresponding,
to Harmonic Coefficient (Fourier,
"#2 & #3) & = - Horizontal Wind",
Direction - 90°,
"",
"",
"",
Degrees 0 to 359,1
REFLECTIVITY Azimuth Degrees 0 to 359,1
CROSS SECTION,
Range nmi 0 to 124,1
Max Reflectivity dBZ -32 to 95(-999)*,1 () *Value Indicates Data
"",Not Available
