FIELDNAME TYPE,UNITS,RANGE,PRECISION/,REMARKS
"",,,ACCURACY,
Packet Code INT*2,N/A,18,N/A,Packet Type 18
Spares N/A,N/A,N/A,N/A,
Number of LFM Boxes INT*2,N/A,13,1,Number of boxes in each row
in Row,,,,
Number of Rows INT*2,N/A,13,1,Total number of rows
Number of Byes in Row INT*2,N/A,2 to 14,1,Number of bytes in this row
Run(0) 4-Bit INT,N/A,0 to 15,1,4-bit run code
Level(0) 4-Bit INT,N/A,0 to 15,1,4-bit data level code
"",,,,
Figure 3-11b. Precipitation Rate Data Array Packet - Packet Code 18 (Sheet 2),,,,
