"",,,,,Bits 14-9=0,"Indeterminate; if all bits arezero, then the RPG cannotdetermine the status"
"",,,,,,
37,RDA Alarms,Integer,N/A,"0,1/Bit,Note 1",Bit 15=LSB,Where:
"",,,,,Bit 15=1,"Indeterminate; the RPG cannotdetermine the alarms present"
"",,,,,Bit 14=1,Tower/Utilities
"",,,,,Bit 13=1,Pedestal
"",,,,,Bit 12=1,Transmitter
"",,,,,Bit 11=1,Receiver
"",,,,,Bit 10=1,RDA Control
"",,,,,Bit 9=1,RDA Communications
"",,,,,Bit 8=1,Signal Processor
"",,,,,Bits 7-0,Spares
"",,,,,Bits 15-7=0,"No Alarms; if all bits are zero,then there are no alarms present"
"",,,,,,
38,"DataTransmissionEnabled",Integer,N/A,"0,1/Bit",Bit 15=LSB,Where:
"",,,,,Bit 15=1,Spare
"",,,,,Bit 14=1,None
"",,,,,Bit 13=1,Reflectivity
"",,,,,Bit 12=1,Velocity
"",,,,,Bit 11=1,Spectrum Width
"",,,,,Bit 10=1,Dual Pol Data Expected
"",,,,,Bits 9-0,Spares
"",,,,,,
39,"RPG OperabilityStatus",Integer,N/A,"0,1/Bit",Bit 15=LSB,Where:
"",,,,,Bit 15=1,Loadshed
"",,,,,Bit 14=1,On-line
"",,,,,Bit 13=1,Maintenance Action Required
"",,,,,Bit 12=1,Maintenance Action Mandatory
"",,,,,Bit 11=1,Commanded Shutdown
"",,,,,Bits 10 to 0,Spares
"",,,,,,
40,RPG Alarms,Integer,,N/A,Bit 15=LSB,Where:
"",,,,,Bit 15=1,No Alarms
"",,,,,Bit 14=1,Node Connectivity
"",,,,,Bit 13=1,Wideband Failure
"",,,,,Bit 12=1,RPG Control Task Failure
"",,,,,Bit 11=1,Data Base Failure
"",,,,,Bit 10=1,Spare
"",,,,,Bit 9=1,"RPG Input Buffer Loadshed(Wideband)"
"",,,,,Bit 8=1,Spare
