"",,,,
Field Name Type,Units,Range,Accuracy/,Remarks
"",,,Precision,
Block Divider INT*2,N/A,-1,N/A,Integer value of -1 used to delineate this
"",,,,block from the Message Header block
Block ID INT*2,N/A,4,N/A,Value of 4 indicates Environmental Data
"",,,,from 40-km RUC Model.  See Note 1.
Spare INT*2,N/A,N/A,N/A,Spare
Compression Type INT*2,N/A,0 to 2,1,"0 = No compression, 1 = bzip2, 2 = zlib"
Decompressed Size INT*4,Bytes,0 to,1/1,Size of decompressed data packets.
"",,2147483,,
"",,647,,
"",,,,
Note 1.  For messages containing data from a source external to RPG (as indicated by Message Code,,,,
"5 in Message Header), Block ID indicates specific type of External Data.",,,,
"",,,,
Figure 3-23.  External Data Message,,,,
