"",,,,,,products generated by an Alert
"",,,,,,"Condition, sequence number = -"
"",,,,,,13
20,Volume Scan,INT*2,N/A,1 to 80,1,"Counter, recycles to one (1) every"
"",Number,,,,,80 volume scans
21,Volume Scan,INT*2,Julian,1 to 32767,1,Modified Julian Date; integer
"",Date,,Date,,,number of days since 1 Jan 1970
"",,,,,,(Note 5)
22 - 23,Volume Scan,INT*4,Seconds,0 to 86399,1,Number of seconds after
"",Start Time,,GMT,,,"midnight, Greenwich Mean Time"
"",,,,,,(GMT) (Note 5)
24,Generation,INT*2,Julian,1 to 32767,1,Modified Julian Date as above
"",Date of,,Date,,,(Note 4)
"",Product,,,,,
25 - 26,Generation,INT*4,Seconds,0 to 86399,1,Number of seconds after
"",Time of,,GMT,,,"midnight, Greenwich Mean Time"
"",Product,,,,,(GMT) (Note 4)
27 - 28,----------------------------------------PRODUCT DEPENDENT PARAMETERS 1 AND 2 (SEE TABLE V)-,,,,,
"",----------------------------------------,,,,,
"",,,,,,
29,Elevation,INT*2,N/A,0 to 20,1,Elevation number within volume
"",Number,,,,,scan for elevation based product
"",,,,,,0 for volume-based products.
30,----------------------------------------------PRODUCT DEPENDENT PARAMETER 3 (SEE TABLE V)-------,,,,,
"",----------------------------------------,,,,,
"",,,,,,
31 - 46,----------------------------------------------------------PRODUCT DEPENDENT (SEE NOTE 1)---------------------,,,,,
"",--------------------------------------,,,,,
"",,,,,,
47 - 53,-------------------------------PRODUCT DEPENDENT PARAMETERS 4 THROUGH 10 (SEE TABLE,,,,,
"","V, NOTE 3)-----------------------------",,,,,
"",,,,,,
"",,,,,,
54,Version,INT*1,N/A,0 to 255,1,"If the message is product data,"
"",,,,,,the upper byte is the version
"",,,,,,number of the product. The
"",,,,,,original format of a product will
"",,,,,,be version 0. (Note 2)
54,Spot Blank,INT*1,N/A,0 to 1,1,"If the message is product data,"
"",,,,,,the lower byte is:
"",,,,,,1 = Spot Blank ON
"",,,,,,0 = Spot Blanking if OFF
55 - 56,Offset to,INT*4,Halfwords,0 to 400000,1,Number of halfwords from the
"",Symbology,,,,,top of message (message code
"",,,,,,field in header) to the -1 divider
"",,,,,,of each block listed. If the offset
"",,,,,,"is zero (0), the block is not part of"
"",,,,,,the product in question
