HALF FIELDNAME,TYPE,UNITS RANGE,,PRECISION/,REMARKS
WORD,,,,ACCURACY,
10 Block Divider,INT*2,N/A -1,,N/A,Value of -1 used to delineate
"",,,,,the Header from the
"",,,,,Command Parameter Block.
11 Version Number,INT*2,N/A 1-999,,N/A,Version Number of the
"",,,,,Command Control Message.
"",,,,,When new command
"",,,,,parameters are added or
"",,,,,"removed, the version number"
"",,,,,is incremented.
12 Length of Block,INT*2,Bytes 12,,1,"Number of bytes in block,"
"",,,,,including block divider.
13 Select VCP,INT*2,N/A See Note 2.,,N/A,VCP to execute next volume
"",,,,,scan with optional volume
"",,,,,scan restart.
14 AVSET Control,INT*2,N/A As Listed:,,N/A,AVSET state to take effect
"",,0:  No Change,,,next volume scan.
"",,2:  Enable,,,
"",,4:  Disable,,,
15 SAILS Control,Code*2,N/A As Listed:,,N/A,Number of SAILS cuts
"",,-1:  No Change,,,requested for next SAILS
"",,0:  Disable,,,enabled VCP executed.  (See
"",,1-3:  SAILS Cuts,,,Note 1.)
16 MRLE Control,Code*2,N/A As Listed:,,N/A,Number of MRLE cuts
"",,-1:  No Change,,,requested for next MRLE
"",,0:  Disable,,,enabled VCP executed.  (See
"",,2-4:  MRLE Cuts,,,Note 2.)
17 Velocity,Code*2,N/A As Listed:,,N/A,Velocity Measurement
Measurement,,-1 No Change,,,Increment value
Increment (VMI),,2: HIGH VMI,,,
"",,4: Low VMI,,,
"",,,,,
Figure 3-4b.  Command Control Message (Sheet 2),,,,,
