FIELDNAME,TYPE,UNITS,RANGE PRECISION/,,REMARKS
"",,,ACCURACY,,
Packet Code,INT*2,N/A,AF1F (Hex) N/A,,Packet Type X'AF1F'
Index of First,INT*2,N/A,0 to 460 1,,Location of first
Range Bin,,,,,range bin
Number of Range,INT*2,N/A,1 to 460 1,,Number of range bins
Bins,,,,,comprising a radial
I Center of Sweep,INT*2,Km/4,-2048 to +2047 1,,I coordinate of center
"",,,,,of sweep
J Center of Sweep,INT*2,Km/4,-2048 to +2047 1,,J coordinate of center
"",,,,,of sweep
Scale Factor,Scaled Integer,Pixels,.001 to 8.000 .001,,Number of pixels per
"",,,,,range bin
Number of,INT*2,N/A,1 to 400 1,,Total number of
Radials,,,,,radials in products
Number of RLE,INT*2,Halfword,1 to 230 1,,Number of RLE (Run
Halfwords in,,,,,Length Encoded) 16-
Radial,,,,,bit halfwords per
"",,,,,radial
Radial Start,Scaled Integer,Degrees,0.0 to 359.9 .1,,Starting angle at
Angle,,,,,which radial data
"",,,,,was collected; Scan is
"",,,,,always in Clockwise
"",,,,,direction
Radial Angle,Scaled Integer,Degrees,0.0 to 2.0 .1,,Radial angle data
Delta,,,,,
Run(0),4 Bit INT,N/A,0 to 15 1,,4-bit run code
Color Code(0),4 Bit INT,N/A,0 to 15 1,,4-bit color level
