"Digital Reflectivity DQA-Edited Data Array",195,48,"Number of artifact edited radials inelevation",unitless,0 to 10000,1
"Digital Reflectivity DQA-Edited Data Array",195,49,AVSET Status,unitless,"0, 1, 3",1
"Digital Reflectivity DQA-Edited Data Array",195,51,Compression Method,N/A,0 or 1,1
"Digital Reflectivity DQA-Edited Data Array",195,52,Uncompressed Product Data Size (MSW),Bytes,770 - 167910,1
"Digital Reflectivity DQA-Edited Data Array",195,53,Uncompressed Product Data Size (LSW),,,1
Microburst AMDA,196,27,Half Degree Scan Count Within Volume,N/A,0-1000,1
"Digital Storm TotalPrecipitation",138,27,Beg. Date of Rainfall,Julian Date,1 to 32767,1
"Digital Storm TotalPrecipitation",138,28,Beg.  Time of Rainfall,Minutes,0 to 1439,1
"Digital Storm TotalPrecipitation",138,30,Mean-field Bias,N/A,0.0 to 99.99,".01, Note 1"
"Digital Storm TotalPrecipitation",138,47,Max Rainfall,Inches,"0 to 51.00, Note 12",".01 to .20,Note 12"
"Digital Storm TotalPrecipitation",138,48,End Date of Rainfall,Julian Date,1 to 32767,1
"Digital Storm TotalPrecipitation",138,49,End Time of Rainfall,Minutes,0 to 1439,1
"Digital Storm TotalPrecipitation",138,50,Sample Size (No. G-R Pairs),N/A,.00 to 99.99,".01, Note 1"
"Digital Storm TotalPrecipitation",138,51,Compression Method,N/A,0 or 1,1
"Digital Storm TotalPrecipitation",138,52,Uncompressed Product Data Size (MSW),Bytes,120 to 300000,1
"Digital Storm TotalPrecipitation",138,53,Uncompressed Product Data Size (LSW),,,1
Echo Tops Product,41,30,"AVSET termination elevation angleOtherwise = 0",Degree,-1.0 to + 45.0,".1, Note 1"
Echo Tops Product,41,47,Max Echo,1000 Feet,0 to 70,"1, Note 5"
