"","Position:-Azimuth",Degrees,0 to 359,1,
"",-Range,Nmi,0 to 124,1,
"",Average Delta Velocity,kts,0 to 494,1,
"",Low-level Delta Velocity,kts,0 to 494,1,
"",Maximum Delta Velocity,kts,0 to 494,1,
"","Height of the Maximum DeltaVelocity",kft,0.0 to 70.0,0.1,
"",Depth,kft,0.0 to 70.0,0.1,"If the base or top is on the lowest orhighest elevation scan, respectivelythen the Depth is preceded by a "">"" inthe display"
"",Base,kft,0 to 70,1,"If the base is on the lowest elevationscan, then it is preceded by a ""<"" inthe display"
"",Top,kft,0.0 to 70.0,.1,
"",Maximum Shear,"m/s/km (or E-3/sec)",0 to 999,1,
"","Height of the MaximumShear",kft,0.0 to 70.0,0.1,
"",Site Adaptable Parameters,See Remarks,See Remarks,See Remarks,"2820003, Pt1, Table A-18 TDA"
HAIL INDEX,Radar ID,N/A,0 to 999,1,
"",Volume Scan Start Date,N/A,"Months: 1 to 12Days: 1 to 31Years: 0 to 99",N/A,
"",Volume Scan Start Time,N/A,"Hours: 0 to 23Minutes: 0 to 59Seconds: 0 to 59",N/A,
"",Number of Storm Cells,N/A,0 to 100,1,
"",Storm Cell ID,Alphanumeric,"A0 through Z0, thenA1 through Z1, thenA2...Z9",N/A,"The sequence is recycled following Z9Note 1"
"","Hail Characteristics· Probability of Hail(POH)","AlphanumericPercent","UNKNOWN or0 to 100",N/A,"If the maximum expected hail sizeexceeds 4.00 inches, the hail size islabeled "">4.00""."
