48,12,VAD Wind Profile,5 Knots,N/A,5,Non-geographic Alphanumeric
49,,Spare,,,16,Raster Image/Non-geographic Alphanumeric
50,14,Cross Section (Reflectivity),".54 Horizontal x .27Vert  Nmi x Nmi",124,16,Raster Image  (Reflectivity)
51,14,Cross Section (Velocity),".54 Horizontalx .27 Vert  Nmi x Nmi",124,16,Raster Image  (Velocity)
52,,Spare,,,,
53,,Spare,,,,
54,-------------------------Reserved---------------------------------------------------------------------------,,,,,
55,,Spare,,,,
56,16,"Storm Relative Mean RadialVelocity",.54 x 1 Nmi x Deg,124,16,Radial Image  (Map)
57,17,Vertically Integrated Liquid,2.2 x 2.2 Nmi x Nmi,124,16,Raster Image
58,18,Storm Tracking Information,N/A,248,N/A,Geographic and Non-geographic Alpha
59,19,Hail Index,N/A,124,N/A,Geographic and Non-geographic Alpha
60,,Spare,,,,Geographic and Non-geographic Alpha
61,21,Tornado Vortex Signature,N/A,124,N/A,"Geographic and Non-geographicAlphanumeric"
62,22,Storm Structure,N/A,248,N/A,Alphanumeric
63,,Spare,,,,
64,,Spare,,,,
65,23,Layer Composite Reflectivity,2.2 x 2.2 Nmi x Nmi,124,8 Max,Raster Image (Layer 1 Maximum)
66,23,Layer Composite Reflectivity,2.2 x 2.2 Nmi x Nmi,124,8 Max,Raster Image (Layer 2 Maximum)
67,23,"Layer Composite Reflectivity - APRemoved",2.2 x 2.2 Nmi x Nmi,124,8 Max,Raster Image
68,,Spare,,,,
69,,Spare,,,,
70,,Spare,,,,
71,,Spare,,,,
72,,Spare,,,,
73,,Spare,,,,
74,26,Radar Coded Message,1/16 LFM,248,9,Alphanumeric
75,27,Free Text Message,N/A,N/A,N/A,Alphanumeric
76,----   ---------------------Reserved for internal PUP use ------------------------------,,,,,
