FIELDNAME,TYPE,UNITS,RANGE,"PRECISION/ACCURACY",REMARKS
Packet Code,INT*2,N/A,"BA0F (Hex) orBA07 (Hex)",N/A,"Packet Type X'BA0F' or X'BA07'"
Packet Code,INT*2,N/A,8000 (Hex),N/A,Packet Type X'8000'
Packet Code,INT*2,N/A,00C0 (Hex),N/A,Packet Type X'00C0'
I Coordinate Start,INT*2,Km/4,-2048 to +2047,1,Starting location of data
J Coordinate Start,INT*2,Km/4,-2048 to +2047,1,Starting location of data
X Scale INT,INT*2,N/A,1 to 67,1,Scaling factor for grid
X Scale Fractional,N/A,N/A,N/A,N/A,Reserved for internal PUP use
Y Scale INT,INT*2,N/A,1 to 67,1,Scaling factor for grid
Y Scale Fractional,N/A,N/A,N/A,N/A,Reserved for internal PUP use
Number of Rows,INT*2,N/A,1 to 464,1,Number of rows in layer
Packing Descriptor,INT*2,N/A,2,N/A,Defines packing format 2
"Number of Bytes inthis Row",INT*2,Bytes,2 to 920,1,"Number of bytes in this rownot including self"
Run(0),4 Bit INT,N/A,0 to 15,1,4-bit run code
Color Code(0),4 Bit INT,N/A,0 to 15,1,4-bit color level
