"","Height of Maximum RotationalVelocity(ARL)",Kft,0 to 33,1,
"",Maximum Rotational Velocity,Kts,0 to 129,1,
"","Base Height(ARL)",Kft,0 to 33,1,"If the Base is on the lowestelevation scan or below1km,  then the height ispreceded by a ""<"" in thedisplay."
"",Depth,Kft,0 to 33,1,"If the Base is on the lowestelevation scan or below1km, then the Depth ispreceded by a "">"" in thedisplay."
"TORNADO VORTEXSIGNATURE (TVS)",Feature Type,Alphanumeric,TVS or ETVS,N/A,
"",Storm Cell ID,Alphanumeric,"A0 through Z0,then A1 through Z1. thenA2...Z9.""??"" is displayed if the TVSfeature is not associatedwith a storm cell.",N/A,"The sequence isrecycled following Z9"
"","TVS Feature Position:·   Azimuth·   Range","Degreesnmi","0 to 3590 to 124","11",
"",Average Delta Velocity,kts,0 to 494,1,
"",Low-level Delta Velocity,kts,0 to 494,1,
"",Maximum Delta Velocity,kts,0 to 494,1,
"",Base,kft,0.0 to 70.0,0.01,"If the Base is on the lowestelevation scan, then it ispreceded by a""<"" in the display."
"",Depth,kft,0 to 70,1,"If the base or top is on thelowest or highest elevation"
