35 Maximum SAILS,Code*2,N/A,0-3,,N/A,Maximum number of SAILS
"",,,,,,cuts that can be requested
36 Max SAILS Cuts for,Code*2,N/A,0-3,,N/A,Maximum number of SAILS
VCP 1,,,,,,cuts that can be requested for
"",,,,,,VCP 1
"",,,,,,
55 Max SAILS Cuts for,Code*2,N/A,0-3,,N/A,Maximum number of SAILS
VCP m,,,,,,cuts that can be requested for
"",,,,,,VCP m.
56 Max MRLE Cuts,Code*2,N/A,0-4,,N/A,Maximum number of MRLE
"",,,,,,cuts that can be requested.
57 Maximum MRLE cuts,Code*2,N/A,0-4,,N/A,Maximum number of MRLE
for VCP 1,,,,,,cuts that can be requested for
"",,,,,,VCP 1.
"...",,,,,,
76 Maximum MLRE cuts,Code*2,N/A,0-4,,N/A,Maximum number of MRLE
for VCP m,,,,,,cuts that can be requested for
"",,,,,,VCP m.
77 Velocity Measurement,Code*2,N/A,2,,N/A,Value to request HIGH VMI
Increment (VMI) HIGH,,,,,,
Resolution value,,,,,,
78 Velocity Measurement,Code*2,N/A,4,,N/A,Value to request LOW VMI
Increment (VMI) LOW,,,,,,
Resolution value,,,,,,
"",,,,,,
Figure 3-4a.  Command Parameter Message (Sheet 2),,,,,,
