Avg. Gage (MSW) / Scaled,mm,0.00-,.001,Avg. Hourly Gage Accum.
Avg. Gage  (LSW) Integer,,254.00,,
Avg. Radar (MSW) / Scaled,mm,0.00-,.001,Avg. Hourly Radar Accum.
Avg. Radar (LSW) Integer,,254.00,,
Bias (MSW) / Bias Scaled,N/A,.01-100.00,.001,Mean-field Bias (Avg. Gage/Avg.
"(LSW) Integer",,,,Radar ratio)
"",,,,
1 For messages containing Environmental Data from external source to RPG (as indicated by,,,,
"Message Code 15 in Message Header), Message Block ID indicates specific type of Environmental",,,,
Data.,,,,
"",,,,
"2 First take (natural) logarithm, then scale by 1000.",,,,
Figure 3-25.  Bias Table Message (Sheet 2),,,,
