"",Depth kft,0 to 70,,1,If the base or top is on the
"",,,,,lowest or highest elevation
"",,,,,"scan, then the Depth is"
"",,,,,"preceded by a ""<"" or "">"" in"
"",,,,,"the display, respectively."
"",,,,,
"",,,,,See Note 1
"",,,,,
USER,Gage Bias Flag N/A,Applied/Not,N/A,,
SELECTABLE,,Applied,,,
PRECIPITATION,,,,,
"",,,,,
"",Number of Hours in Product N/A,1 to 24,0/1,,
"",End Times Hours,00 to 23,0/1,,
"",Bias Estimate N/A,0.00 to 99.99,0.01,,
"",Hour Included Flag N/A,Yes or No,N/A,,
"",,,,,
Note 1: “^” displayed when the attribute(s) is (are) updated to the current detection,,,,,
Note 2: When no mesocyclones are detected this negative condition will be indicated by the absence of this data block from the product.,,,,,
