FIELDNAME TYPE,UNITS,RANGE,PRECISION/,REMARKS
"",,,ACCURACY,
Packet Code INT*2,N/A,16,N/A,Packet Type 16
Index of First Range INT*2,N/A,0 to 230,1,Location of first range bin
Bin,,,,
Number of Range Bins INT*2,N/A,0 to 1840,1,Number of range bins
"",,,,comprising a radial
I Center of Sweep INT*2,Km/4,-2048 to,1,I coordinate of center of sweep
"",,+2047,,
J Center of Sweep INT*2,Km/4,-2048 to,1,J coordinate of center of sweep
"",,+2047,,
Range Scale Factor Scaled,N/A,.001 to,.001,Cosine of elevation angle for
Integer,,1.000,,elevation based products.  For
"",,,,volume based products the
"",,,,value 1.00.
Number of Radials INT*2,N/A,1 to 720,1,Total number of radials in
"",,,,product (Note 1)
Number of Bytes in INT*2,N/A,1 to 1840,1,Number of bytes of  8-bit data
Radial,,,,level values per radial
Radial Start Angle Scaled,Degrees,0.0 to,.1,Starting angle at which radial
Integer,,359.9,,data was collected; Scan is
"",,,,always clockwise
Radial Delta Angle Scaled,Degrees,0.0 to 2.0,.1,Delta angle from previous
Integer,,,,radial
Level (0) 1 Byte,N/A,0 to 255,1,8-bit data level code. (See Note
"",,,,1 of Figure 3-6)
"",,,,
Note 1: The RPG clips radials to 70 kft.  This could result in an odd number of bins in a radial.,,,,
"However, the radial will always be on a halfword boundary, so the number of bytes in a radial may",,,,
be number of bins in a radial + 1.,,,,
"",,,,
Figure 3-11c.  Digital Radial Data Array Packet - Packet Code 16 (Sheet 2),,,,
