"HALFWORD",FIELDNAME,TYPE,UNITS,RANGE,"PRECISION/ACCURACY",REMARKS
10,Block Divider,INT*2,N/A,-1,N/A,"Value of -1 used to delineatethe Header from the CommandParameter Block"
11,Version Number,INT*2,N/A,0-999,N/A,"Version Number of theCommand Parameter Message.When new commandparameters are added orremoved, the version numberis incremented."
12,Length of Block,INT*2,Bytes,52,1,"Number of bytes in block,including block divider."
13,"Number of Clear AirVCPs",INT*2,N/A,0-20,N/A,"Number of Clear Air VCPs tofollow.  (see Note 1)"
14,Clear Air VCP 1,INT*2,N/A,1-767,N/A,Clear Air Mode VCP number
"...",,,,,,(see Note 1)
"...","Number ofPrecipitation VCPs",INT*2,N/A,0-20,N/A,"Number of Precipitation VCPsto follow (see Note 1)"
"...",Precipitation VCP 1,INT*2,N/A,1-767,N/A,"Precipitation Mode VCPNumber"
"...",,,,,,
