TABLE VIII.  PRODUCT DEPENDENT DEFINITION FOR TABULAR ALPHANUMERIC BLOCK,
PRODUCT NAME CONTENT UNITS RANGE ACCURACY/,REMARKS
PRECISION,
VAD WIND PROFILE Site Adaptable Parameters See Remarks  See Remarks See Remarks,"2820003 Pt1, Table A-16 VAD"
ALT 100ft 0 to 700 1,
U m/s -127.0 to 126.0 0.1,
V m/s -127.0 to 126.0 0.1,
W cm/s -999.9 to 9999.9 0.1,
DIR degrees 0 to 360 1,
SPD knots 0 to 999 1,
RMS knots 0 to 30.0 0.1,
DIV 10/s -99.9999 to 0.0001,
999.9999,
SRNG nm 0.0 to 124.00 0.01,
ELEV degrees -1.0 to 45.0 0.1,
STORM TRACKING Radar ID N/A 0 to 999 1,
INFORMATION,
Volume Scan Start Date N/A Months:  1 to 12 N/A,
Days:  1 to 31,
Years:  0 to 99,
Volume Scan Start Time N/A Hours:  0 to 23 N/A,
Minutes:  0 to 59,
Seconds:  0 to 59,
Number of  Storm Cells N/A 0 to 100 1,
Average Storm Cell Motion,Only on first page of Alphanumeric
"· Speed",Product
kts 0 to 99 1,
Direction degrees 0 to 360 1,
"Storm Cell ID Alphanumeric A0 through Z0, N/A",The sequence is recycled following Z9
"then A1 through Z1,",Note 1
then A2....Z9,
Current Position:,
"·Azimuth Degrees 0 to 360 1",Note 1
"·Range nmi 0 to 24 1",
