Super Res Digital Correlation,167,52,Size of uncompressed product (MSW),Bytes,120 to 500000,1 byte
Coefficient,,,,,,
Super Res Digital Correlation,167,53,Size of uncompressed product (LSW),Bytes,,1 byte
Coefficient,,,,,,
Super Res Digital Phi,168,30,Elevation Angle,Degrees,-1.0 to + 45.0,1 Note 1.
Super Res Digital Phi,168,47,Min Differential Phase,Degrees,0 to 360,
Super Res Digital Phi,168,48,Max Differential Phase,Degrees,0 to 360,
Super Res Digital Phi,168,50,Delta Time / Supplemental Scan,Seconds /,Bits 5-15: (0-800),"1, Note 24"
"",,,,N/A,Bits 0-4:,
"",,,,,0 – Non Supplemental,
"",,,,,Scan,
"",,,,,1 – SAILS Scan,
"",,,,,2 – MRLE Scan,
Super Res Digital Phi,168,51,Compression Method,N/A,0 or 1,N/A
Super Res Digital Phi,168,52,Size of uncompressed product (MSW),Bytes,120 to 500000120 to,1 byte
"",,,,,500000,
Super Res Digital Phi,168,53,Size of uncompressed product (LSW),Bytes,,1 byte
One Hour Accum,169,30,Null Product Flag,N/A,0 to 5,"1, Note 9,"
"",,,,,,Note 19
One Hour Accum,169,47,Max Accum,Inches,0.0 to 100.0,".1,  Note 1"
One Hour Accum,169,48,Ending Date of Accumulation,Julian Date,1 to 32767,1
One Hour Accum,169,49,Ending Time of Accumulation,Minutes,0 to 1439,1
One Hour Accum,169,50,Mean-field Bias,N/A,0.01 to 99.99,".01, Note 1,"
"",,,,,,Note 18
One Hour Accum,169,51,Sample Size (Effective No. Gage/Radar,N/A,0.00 to 99.99,".01, Note 1,"
"",,,Pairs),,,Note 18
Digital Accum Array,170,27,Threshold Min. Time in Hourly Period,Minutes,0 to 60,1
Digital Accum Array,170,28,Total Time in Hourly Period,Minutes,0 to 60,1
Digital Accum Array,170,30,Null Product Flag,N/A,0 to 5,"1, Note 9,"
"",,,,,,Note 19
Digital Accum Array,170,47,Max Accum,Inches,0.0 to 100.0,".1,  Note 1"
Digital Accum Array,170,48,Ending Date of Accumulation,Julian Date,1 to 32767,1
Digital Accum Array,170,49,Ending Time of Accumulation,Minutes,0 to 1439,1
Digital Accum Array,170,50,Mean-field Bias,N/A,0.01 to 99.99,".01, Note 1,"
"",,,,,,Note 18
