FIELD NAME,TYPE,UNITS,RANGE,PRECISION/,REMARKS
"",,,,ACCURACY,
Area Component Type,INT*4,N/A,3,N/A,Area component type
Number of Component,INT*4,N/A,1 to 1000,N/A,Number of component
Parameters,,,,,parameters
Component Parameter,Pointer to,N/A,N/A,N/A,See Figure E-2
List,Structure,,,,
Area Type,INT*4,N/A,1 to 131075,N/A,"0x00001=Point (Lat/Lon),"
"",,,,,"0x00002=Area  (Lat/Lon),"
"",,,,,"0x00003=Polyline (Lat/Lon),"
"",,,,,"0x10001=Point (X/Y),"
"",,,,,"0x10002=Area (X/Y),"
"",,,,,"0x10003=Polyline (X/Y),"
