High Resolution Vertically,134,52,Uncompressed Product Data Size (MSW) Bytes,770 - 167910,1
Integ. Liq,,,,,
High Resolution Vertically,134,53,Uncompressed Product Data Size (LSW),,1
Integ. Liq,,,,,
Hourly Dig.Precip Array,81,47,Max Rainfall Accum. dBA,-6.0 to 25.625,".001, Note 1"
Hourly Dig. Precip Array,81,48,Mean-field Bias N/A,0.01 to 99.99,".01, Note 1"
Hourly Dig. Precip Array,81,49,Effective No. G-R Pairs (Sample Size) N/A,0.00 to 99.99,".01, Note 1"
Hourly Dig. Precip Array,81,50,Rainfall End Date Julian Date,1 to 32767,1
Hourly Dig. Precip Array,81,51,Rainfall End Time Minutes,0 to 1439,1
Icing Hazard Levels,178,30,AVSET termination elevation angle Degrees,-1.0 to +45.0,".1, Note 1"
"",,,Otherwise = 0,,
Icing Hazard Levels,178,47,Maximum icing top altitude in volume kft,0 to 70,1
"",,,(graupel-based),,
Icing Hazard Levels,178,51,Compression Method N/A,0 or 1,1
Icing Hazard Levels,178,52,Uncompressed Product Data Size (MSW) Bytes,120 to 1329150,1
Icing Hazard Levels,178,53,Uncompressed Product Data Size (LSW),,
ITWS Digital Base Velocity,93,30,Elevation Angle Degree,-1.0 to +45.0,".1, Note 1"
ITWS Digital Base Velocity,93,47,Max Neg. Velocity Knots,-123 to 0,1
ITWS Digital Base Velocity,93,48,Max Pos. Velocity Knots,0 to 122,1
ITWS Digital Base Velocity,93,50,Velocity Precision Code N/A,1 or 2,"1, Note 11"
Lyr 1 Comp. Reflect(max),65,30,AVSET termination elevation angle Degree,-1.0 to 45.0,".1, Note 1"
"",,,Otherwise = 0,,
Lyr 1 Comp.Reflect(max),65,47,Max Reflectivity dBZ,-32 to +95,1
Lyr 1 Comp.Reflect(max),65,48,Bottom of layer 1000 Feet,0,Note 5
Lyr 1 Comp.Reflect(max),65,49,Top of layer 1000 Feet,6 to 58,1
Lyr 1 Comp.Reflect(max),65,51,Cal. Constant (MSB),,
Lyr 1 Comp.Reflect(max),65,52,"""""(LSB) dB (Real*4)","-50.0 to +50.0, Note 14","N/A, Note 2"
"",,,,"-198.0 to +198.0, Note 15",
Lyr 2 Comp. Reflect(max),66,30,AVSET termination elevation angle Degree,-1.0 to +45.0,".1, Note 1"
"",,,Otherwise = 0,,
Lyr 2 Comp.Reflect(max),66,47,Max Reflectivity dBZ,-32 to +95,1
Lyr 2 Comp.Reflect(max),66,48,Bottom of layer 1000 Feet,6 to 58,1
Lyr 2 Comp.Reflect(max),66,49,Top of layer 1000 Feet,12 to 64,1
Lyr 2 Comp.Reflect(max),66,51,Cal. Constant (MSB),,
Lyr 2 Comp.Reflect(max),66,52,"""""(LSB) dB (Real*4)","-50.0 to +50.0, Note 14","N/A, Note 2"
