Differential Reflectivity,159,50,Delta Time / Supplemental Scan,"Seconds /N/A","Bits 5-15: (0-800)Bits 0-4:0 – Non SupplementalScan1 – SAILS Scan2 – MRLE Scan","1, Note 24"
Differential Reflectivity,159,51,Compression method,N/A,0 or 1,"N/A, Note23"
Differential Reflectivity,159,52,Size of uncompressed product (MSW),Bytes,120 to 434406,1 byte
Differential Reflectivity,159,53,Size of uncompressed product (LSW),Bytes,,1 byte
Correlation Coefficient,161,30,Elevation Angle,Degree,-1.0 to +45.0,".1, Note 1"
Correlation Coefficient,161,47,Minimum Correlation Coefficient,N/A,0.2 to 1.05,.00333
Correlation Coefficient,161,48,Maximum Correlation Coefficient,N/A,0.2 to 1.05,.00333
Correlation Coefficient,161,50,Delta Time / Supplemental Scan,"Seconds /N/A","Bits 5-15: (0-800)Bits 0-4:0 – Non SupplementalScan1 – SAILS Scan2 – MRLE Scan","1, Note 24"
Correlation Coefficient,161,51,Compression Method,N/A,0 or 1,"N/A, Note23"
Correlation Coefficient,161,52,Size of uncompressed product (MSW),Bytes,120 to 500000,1 byte
Correlation Coefficient,161,53,Size of uncompressed product (LSW),Bytes,,1 byte
Specific Differential Phase,163,30,Elevation Angle,Degree,-1.0 to +45.0,".1, Note 1"
Specific Differential Phase,163,47,Minimum Specific Differential Phase,Deg/km,-2.05 to +10.00,.05
Specific Differential Phase,163,48,Maximum Specific Differential Phase,Deg/km,-2.05 to +10.00,.05
Specific Differential Phase,163,50,Delta Time / Supplemental Scan,"Seconds /N/A","Bits 5-15: (0-800)Bits 0-4:0 – Non SupplementalScan1 – SAILS Scan2 – MRLE Scan","1, Note 24"
Specific Differential Phase,163,51,Compression Method,N/A,0 or 1,"N/A, Note23"
Specific Differential Phase,163,52,Size of uncompressed product (MSW),Bytes,120 to 500000,1 byte
