FIELD NAME TYPE,UNITS,RANGE,,PRECISION/,REMARKS
"",,,,ACCURACY,
Table Component Type INT*4,N/A,5,,N/A,Table component type
Number of Component INT*4,N/A,1 to 1000,,N/A,Number of component
Parameters,,,,,parameters
Component Parameter List Pointer to,N/A,N/A,,N/A,See Figure E-2
Structure,,,,,
Title String,N/A,N/A,,N/A,ASCII string
Number of Columns INT*2,N/A,1 to 32768,,N/A,Number of columns in
"",,,,,table
Number of Rows INT*2,N/A,1 to 32768,,N/A,Number of rows in table
Column Labels Pointer to,N/A,N/A,,N/A,See Figure E-12.
Structure,,,,,
Row Labels Pointer to,N/A,N/A,,N/A,See Figure E-12.
Structure,,,,,
Entries Structure,N/A,N/A,,N/A,See Figure E-12.
"",,,,,
Figure E-9. Table Component Data Structure (Sheet 2),,,,,
