"",,,,,Bit  2=1,"Product Not Generated (NotAvailable in Data Base)"
"",,,,,Bit  3=1,"One-Time Request GenerationProcess Faulted"
"",,,,,Bit  4=1,Narrowband Loadshed
"",,,,,Bit  5=1,Illegal Request
"",,,,,Bit  6=1,RPG Memory Loadshed
"",,,,,Bit  7=1,RPG CPU Loadshed  (Note 1)
"",,,,,Bit  8=1,"Unavailability of Slots (Real-Time,Replay or Customized)"
"",,,,,Bit  9=1,Failure (Task Failed)
"",,,,,Bit 10=1,"Unavailable (Task Not Loaded UponStartup)"
"",,,,,Bit 11=1,Available Next Volume Scan
"",,,,,Bit 12=1,Moment Disabled
"",,,,,Bit 13,"Bit 13 is Reserved and NotApplicable to Associated PUPS"
"",,,,,Bit 14,Spare
"",,,,,Bit 15,Aborted Volume Scan (Note 2)
"",,,,,Bit 16,Invalid Product Parameters
"",,,,,Bit 17,"Product Not Generated (DataSequence Error) Note 3"
"",,,,,Bit 18,Task Failure (Self-Terminated)
"",,,,,Bit 19,Command Not Authorized (Note 4)
"",,,,,Bit 20,Command Rejected (Note 5)
"",,,,,Bits 21-31,Spares
14,"SequenceNumber",INT*2,N/A,"-13, 0 to32767",1,"Sequence number of request thatcaused response"
15,"Product/Message Code",INT*2,N/A,"-16 to -299,16  to 299",N/A,"Product/Message code as defined inTable II, that caused response"
16,"ElevationAngle","ScaledInteger",Degrees,"-1.0 to+45.0",.1,"Elevation angle of radar forrequested product"
17,"Volume ScanDate",INT*2,"JulianDate","1 to32767",1,"Modified Julian Date;integer number of days since Jan. 1,1970"
18-19,"Volume ScanStart Time",INT*4,"SecondsGMT","0 to86399",1,"Number of seconds after midnight,Greenwich Mean Time (GMT)"
20-24,Spares,,,,,
