REFLECTIVITY OR,,,,"then A1 through Z1, then",,recycled followingNote 1
COMPOSITE,,,,A2...Z9.,,
REFLECTIVITY,,,,,,
EDITED FOR AP,,,,,,
"",Storm Position:,,,,,
"",·  Azimuth,,Degrees,0 to 360,1,Note 1
"",·Range,,nmi,0 to 248,1,
"",Maximum Reflectivity,,dBZ,0 to 95,1,Note 1
"",Height of Maximum,,Kft,0.0 to 70.0,0.1,Note1
"",Reflectivity,,,,,
"",Cell-Based VIL,,kg/m2,0 to 120,1,Note 1
"",Storm Top,,Kft,0.00 to 70.00,0.1,If the storm top was
"",,,,,,identified at the highest
"",,,,,,"elevation, the value is"
"",,,,,,"qualified with "">"", Note 1"
"",Forecast Movement,,Alphanumeric  New or,,,Newly identified storm
"",,,or,,,"cells are labeled ""NEW""."
"",·Storm Direction,,Degrees,0  to 360,1,Note1
"",·Storm Speed,,Kts,0 to  999,1,
"",MDA,,Alphanumeric,"NONE, 1 to 25",1,
"",Strength Rank,,,,,
"",TVS Feature Type,,Alphanumeric,"NONE, TVS or ETVS",N/A,If both a TVS and ETVS
"",,,,,,are associated with the
"",,,,,,"same storm cell, then"
"",,,,,,"""TVS"" will be displayed."
"",,,,,,Note 1
"",Hail Characteristics,,Alphanumeric,UNKNOWN or,,If the maximum expected
"",· Probability of Hail(POH),,or,,,hail size exceeds 4.0
"",· Probability of Severe Hail,,Percent,0 to 100,10,"inches, the hail size is"
"",(POSH),,,,,"labeled "">4.00""."
"",· Maximum,,Percent,0 to 100,10,
"",Expected,,,,,If the Probability of Hail
"",Hail Size,,Inches,0.00 and 0.50 to 4.00,0.25,and the Probability of
"",,,,,,Severe Hail are greater the
"",,,,,,0% and the maximum
