"",,,,,,and Note
"",,,,,,16
User Selectable Snow Water,150,48,Starting Date,Julian Date,1 to 32767,1
Equivalent,,,,,,
User Selectable Snow Water,150,49,Starting Hour,Minutes,0 to 1439,"1, Note 22"
Equivalent,,,,,,
User Selectable Snow Water,150,50,Ending Date,Julian Date,1 to 32767,1
Equivalent,,,,,,
User Selectable Snow Water,150,51,Ending Hour,Minutes,0 to 1439,"1, Note 22"
Equivalent,,,,,,
User Selectable Snow Water,150,52,Azimuth of Max.,Degrees,0 to 359,1
Equivalent,,,,,,
User Selectable Snow Water,150,53,Range to Max.,Nmi,0 to 124,1
Equivalent,,,,,,
"",,,,,,
VAD Wind Profile,48,47,Max Speed  (Horiz),Knots,0 to 350,"1,  Note 5"
VAD Wind Profile,48,48,Direct of Max Speed,Degree,0 to 359,"1,Note 1"
"",,,,,,& 5
VAD Wind Profile,48,49,Alt of Max Speed,Feet/10,00.00 to 70.00,".01,  Note 5"
Velocity Az. Display,84,47,Wind Speed (Horiz),Knots,0 to 350,"1,  Note 5"
Velocity Az. Display,84,48,Wind Direct(Horiz),Degree,0 to 359,"1,  Note 1 &"
"",,,,,,5
Velocity Az. Display,84,30,Wind Alt(Horiz),1000 Feet,0 to 70,1
Velocity Az. Display,84,49,Elevation Angle,Degree,-1.0 to +45.0,".1,  Note 1"
"",,,,,,& 5
Velocity Az. Display,84,50,Slant Range,Nmi,0.0 to 124.0,".1,  Note 1"
"",,,,,,& 5
Velocity Az. Display,84,51,RMS Error,Knots,0 to 29,"1,  Note 5"
Vertically Integ. Liq,57,30,AVSET termination elevation angle,Degree,-1.0 to +45.0,".1, Note 1"
"",,,Otherwise = 0,,,
Vertically Integ. Liq,57,47,Max VIL,Kg/Sq.,0 to 200,1
"",,,,meter,,
Differential Reflectivity,159,30,Elevation Angle,Degree,-1.0 to +45.0,".1, Note 1"
Differential Reflectivity,159,47,Minimum Differential Reflectivity,dB,-7.9 to +7.9,.1
Differential Reflectivity,159,48,Maximum Differential Reflectivity,dB,-7.9 to +7.9,.1
