TABLE II. NEXRAD MESSAGE CODE DEFINITIONS,
MESSAGE CODE MESSAGE TYPE,FIGURE
"0,13 Product Request, Product Request Cancel",3-4
1 Spare,-
2 General Status,3-17
3 Request Response,3-18
4 Maximum Connection Time Disable Request,N/A
5 External Data Message,3-23
6 Spare,-
7 Spare,-
8 Product List,3-21
9 Spare,-
10 Spare,-
11 Sign-on Request Message (Dial -up Users),N/A
12 Command Parameter Message,3-4a
14 Command Control Message,3-4b
15 Bias Table Message,3-25
16-111 Products (See Table III for individual Product Codes),
"112, 114-131 Reserved for future Products",
